Other Experience,Our Experience
no experience,Fresh
no exc,Fresh
zero year,Fresh
0 year,Fresh
no,Fresh
none,Fresh
nop,Fresh
0,Fresh
0 experience,Fresh
0 exp,Fresh
0/experience,Fresh
zero experience,Fresh
zero-experience,Fresh
0-experience,Fresh
zero,Fresh
0 ex,Fresh
0/ex,Fresh
0-ex,Fresh
z-ex,Fresh
zero-ex,Fresh
fresh,Fresh
fresh man,Fresh
fresh employee,Fresh
fresh female,Fresh
fresh women,Fresh
fresh candidate,Fresh
fresh girl,Fresh
fresh boy,Fresh
fresh student,Fresh
experience zero,Fresh
experience 0,Fresh
ex 0,Fresh
exp-0,Fresh
exp-zero,Fresh
frsh,Fresh
fsh,Fresh
freh,Fresh
graduated,Fresh
new graduate,Fresh
current graduate,Fresh
frsh graduate,Fresh
new year graduate,Fresh
graduate,Fresh
new man,Fresh
newly graduated,Fresh
current graduated,Fresh
this year graduate,Fresh
newly graduated man,Fresh
current graduated man,Fresh
this year graduate man,Fresh
fresh graduated man,Fresh
fresh and graduated man,Fresh
this month graduate man,Fresh
gra,Fresh
graduat,Fresh
graduating,Fresh
graduate soon,Fresh
coming graduation,Fresh
gradut,Fresh
grajuate,Fresh
next graduate,Fresh
next graduation,Fresh
0-1,0-1 Years
0 to 1,0-1 Years
0/1,0-1 Years
zero-1,0-1 Years
zero-one,0-1 Years
0-one,0-1 Years
0 to one,0-1 Years
zero to 1,0-1 Years
zero one,0-1 Years
one month,0-1 Years
1 month,0-1 Years
one-month,0-1 Years
1-month,0-1 Years
onemonth,0-1 Years
[0-9] month,0-1 Years
zero-one,0-1 Years
zerone,0-1 Years
(0-1),0-1 Years
(zero-1),0-1 Years
(0-one),0-1 Years
(0 to 1),0-1 Years
(0/1),0-1 Years
(0-1),0-1 Years
[0-1],0-1 Years
[zero-1],0-1 Years
[0-one],0-1 Years
[0/1],0-1 Years
zero-one month,0-1 Years
zerone month,0-1 Years
(0-1) month,0-1 Years
(zero-1) month,0-1 Years
(0-one) month,0-1 Years
(0 to 1) month,0-1 Years
(0/1) month,0-1 Years
(0-1) month,0-1 Years
[0-1] month,0-1 Years
[zero-1] month,0-1 Years
[0-one] month,0-1 Years
[0/1] month,0-1 Years
0-2,0-1 Years
0 to 2,0-1 Years
0/2,0-1 Years
zero-2,0-1 Years
zero-two,0-1 Years
0-two,0-1 Years
0 to two,0-1 Years
zero to 2,0-1 Years
zero two,0-1 Years
two month,0-1 Years
2 month,0-1 Years
two-month,0-1 Years
2-month,0-1 Years
twomonth,0-1 Years
[0-9] month,0-1 Years
zero-two,0-1 Years
zerotwo,0-1 Years
(0-2),0-1 Years
(zero-2),0-1 Years
(0-two),0-1 Years
(0 to 2),0-1 Years
(0/2),0-1 Years
(0-2),0-1 Years
[0-2],0-1 Years
[zero-2],0-1 Years
[0-two],0-1 Years
[0/2],0-1 Years
zero-two month,0-1 Years
zerotwo month,0-1 Years
(0-2) month,0-1 Years
(zero-2) month,0-1 Years
(0-two) month,0-1 Years
(0 to 2) month,0-1 Years
(0/2) month,0-1 Years
(0-2) month,0-1 Years
[0-2] month,0-1 Years
[zero-2] month,0-1 Years
[0-two] month,0-1 Years
[0/2] month,0-1 Years
0-2,0-1 Years
0 to 2,0-1 Years
0/2,0-1 Years
zero-2,0-1 Years
zero-two,0-1 Years
0-two,0-1 Years
0 to two,0-1 Years
zero to 2,0-1 Years
zero two,0-1 Years
two months,0-1 Years
2 months,0-1 Years
two-months,0-1 Years
2-months,0-1 Years
twomonths,0-1 Years
[0-9] months,0-1 Years
zero-two,0-1 Years
zerotwo,0-1 Years
(0-2),0-1 Years
(zero-2),0-1 Years
(0-two),0-1 Years
(0 to 2),0-1 Years
(0/2),0-1 Years
(0-2),0-1 Years
[0-2],0-1 Years
[zero-2],0-1 Years
[0-two],0-1 Years
[0/2],0-1 Years
zero-two months,0-1 Years
zerotwo months,0-1 Years
(0-2) months,0-1 Years
(zero-2) months,0-1 Years
(0-two) months,0-1 Years
(0 to 2) months,0-1 Years
(0/2) months,0-1 Years
(0-2) months,0-1 Years
[0-2] months,0-1 Years
[zero-2] months,0-1 Years
[0-two] months,0-1 Years
[0/2] months,0-1 Years
0-3,0-1 Years
0 to 3,0-1 Years
0/3,0-1 Years
zero-3,0-1 Years
zero-three,0-1 Years
0-three,0-1 Years
0 to three,0-1 Years
zero to 3,0-1 Years
zero three,0-1 Years
three month,0-1 Years
3 month,0-1 Years
three-month,0-1 Years
3-month,0-1 Years
threemonth,0-1 Years
[0-9] month,0-1 Years
zero-three,0-1 Years
zerothree,0-1 Years
(0-3),0-1 Years
(zero-3),0-1 Years
(0-three),0-1 Years
(0 to 3),0-1 Years
(0/3),0-1 Years
(0-3),0-1 Years
[0-3],0-1 Years
[zero-3],0-1 Years
[0-three],0-1 Years
[0/3],0-1 Years
zero-three month,0-1 Years
zerothree month,0-1 Years
(0-3) month,0-1 Years
(zero-3) month,0-1 Years
(0-three) month,0-1 Years
(0 to 3) month,0-1 Years
(0/3) month,0-1 Years
(0-3) month,0-1 Years
[0-3] month,0-1 Years
[zero-3] month,0-1 Years
[0-three] month,0-1 Years
[0/3] month,0-1 Years
0-3,0-1 Years
0 to 3,0-1 Years
0/3,0-1 Years
zero-3,0-1 Years
zero-three,0-1 Years
0-three,0-1 Years
0 to three,0-1 Years
zero to 3,0-1 Years
zero three,0-1 Years
three months,0-1 Years
3 months,0-1 Years
three-months,0-1 Years
3-months,0-1 Years
threemonths,0-1 Years
[0-9] months,0-1 Years
zero-three,0-1 Years
zerothree,0-1 Years
(0-3),0-1 Years
(zero-3),0-1 Years
(0-three),0-1 Years
(0 to 3),0-1 Years
(0/3),0-1 Years
(0-3),0-1 Years
[0-3],0-1 Years
[zero-3],0-1 Years
[0-three],0-1 Years
[0/3],0-1 Years
zero-three months,0-1 Years
zerothree months,0-1 Years
(0-3) months,0-1 Years
(zero-3) months,0-1 Years
(0-three) months,0-1 Years
(0 to 3) months,0-1 Years
(0/3) months,0-1 Years
(0-3) months,0-1 Years
[0-3] months,0-1 Years
[zero-3] months,0-1 Years
[0-three] months,0-1 Years
[0/3] months,0-1 Years
45325,0-1 Years
2 to 3,0-1 Years
45325,0-1 Years
two-3,0-1 Years
two-three,0-1 Years
2-three,0-1 Years
2 to three,0-1 Years
two to 3,0-1 Years
two three,0-1 Years
three month,0-1 Years
3 month,0-1 Years
three-month,0-1 Years
3-month,0-1 Years
threemonth,0-1 Years
[2-9] month,0-1 Years
two-three,0-1 Years
twothree,0-1 Years
(2-3),0-1 Years
(two-3),0-1 Years
(2-three),0-1 Years
(2 to 3),0-1 Years
(2/3),0-1 Years
(2-3),0-1 Years
[2-3],0-1 Years
[two-3],0-1 Years
[2-three],0-1 Years
[2/3],0-1 Years
two-three month,0-1 Years
twothree month,0-1 Years
(2-3) month,0-1 Years
(two-3) month,0-1 Years
(2-three) month,0-1 Years
(2 to 3) month,0-1 Years
(2/3) month,0-1 Years
(2-3) month,0-1 Years
[2-3] month,0-1 Years
[two-3] month,0-1 Years
[2-three] month,0-1 Years
[2/3] month,0-1 Years
45325,0-1 Years
2 to 3,0-1 Years
45325,0-1 Years
two-3,0-1 Years
two-three,0-1 Years
2-three,0-1 Years
2 to three,0-1 Years
two to 3,0-1 Years
two three,0-1 Years
three months,0-1 Years
3 months,0-1 Years
three-months,0-1 Years
3-months,0-1 Years
threemonths,0-1 Years
[2-9] months,0-1 Years
two-three,0-1 Years
twothree,0-1 Years
(2-3),0-1 Years
(two-3),0-1 Years
(2-three),0-1 Years
(2 to 3),0-1 Years
(2/3),0-1 Years
(2-3),0-1 Years
[2-3],0-1 Years
[two-3],0-1 Years
[2-three],0-1 Years
[2/3],0-1 Years
two-three months,0-1 Years
twothree months,0-1 Years
(2-3) months,0-1 Years
(two-3) months,0-1 Years
(2-three) months,0-1 Years
(2 to 3) months,0-1 Years
(2/3) months,0-1 Years
(2-3) months,0-1 Years
[2-3] months,0-1 Years
[two-3] months,0-1 Years
[2-three] months,0-1 Years
[2/3] months,0-1 Years
45326,0-1 Years
2 to 4,0-1 Years
45326,0-1 Years
two-4,0-1 Years
two-four,0-1 Years
2-four,0-1 Years
2 to four,0-1 Years
two to 4,0-1 Years
two four,0-1 Years
four month,0-1 Years
4 month,0-1 Years
four-month,0-1 Years
4-month,0-1 Years
fourmonth,0-1 Years
[2-9] month,0-1 Years
two-four,0-1 Years
twofour,0-1 Years
(2-4),0-1 Years
(two-4),0-1 Years
(2-four),0-1 Years
(2 to 4),0-1 Years
(2/4),0-1 Years
(2-4),0-1 Years
[2-4],0-1 Years
[two-4],0-1 Years
[2-four],0-1 Years
[2/4],0-1 Years
two-four month,0-1 Years
twofour month,0-1 Years
(2-4) month,0-1 Years
(two-4) month,0-1 Years
(2-four) month,0-1 Years
(2 to 4) month,0-1 Years
(2/4) month,0-1 Years
(2-4) month,0-1 Years
[2-4] month,0-1 Years
[two-4] month,0-1 Years
[2-four] month,0-1 Years
[2/4] month,0-1 Years
45326,0-1 Years
2 to 4,0-1 Years
45326,0-1 Years
two-4,0-1 Years
two-four,0-1 Years
2-four,0-1 Years
2 to four,0-1 Years
two to 4,0-1 Years
two four,0-1 Years
four months,0-1 Years
4 months,0-1 Years
four-months,0-1 Years
4-months,0-1 Years
fourmonths,0-1 Years
[2-9] months,0-1 Years
two-four,0-1 Years
twofour,0-1 Years
(2-4),0-1 Years
(two-4),0-1 Years
(2-four),0-1 Years
(2 to 4),0-1 Years
(2/4),0-1 Years
(2-4),0-1 Years
[2-4],0-1 Years
[two-4],0-1 Years
[2-four],0-1 Years
[2/4],0-1 Years
two-four months,0-1 Years
twofour months,0-1 Years
(2-4) months,0-1 Years
(two-4) months,0-1 Years
(2-four) months,0-1 Years
(2 to 4) months,0-1 Years
(2/4) months,0-1 Years
(2-4) months,0-1 Years
[2-4] months,0-1 Years
[two-4] months,0-1 Years
[2-four] months,0-1 Years
[2/4] months,0-1 Years
45355,0-1 Years
3 to 4,0-1 Years
45355,0-1 Years
three-4,0-1 Years
three-four,0-1 Years
3-four,0-1 Years
3 to four,0-1 Years
three to 4,0-1 Years
three four,0-1 Years
four month,0-1 Years
4 month,0-1 Years
four-month,0-1 Years
4-month,0-1 Years
fourmonth,0-1 Years
[3-9] month,0-1 Years
three-four,0-1 Years
threefour,0-1 Years
(3-4),0-1 Years
(three-4),0-1 Years
(3-four),0-1 Years
(3 to 4),0-1 Years
(3/4),0-1 Years
(3-4),0-1 Years
[3-4],0-1 Years
[three-4],0-1 Years
[3-four],0-1 Years
[3/4],0-1 Years
three-four month,0-1 Years
threefour month,0-1 Years
(3-4) month,0-1 Years
(three-4) month,0-1 Years
(3-four) month,0-1 Years
(3 to 4) month,0-1 Years
(3/4) month,0-1 Years
(3-4) month,0-1 Years
[3-4] month,0-1 Years
[three-4] month,0-1 Years
[3-four] month,0-1 Years
[3/4] month,0-1 Years
45355,0-1 Years
3 to 4,0-1 Years
45355,0-1 Years
three-4,0-1 Years
three-four,0-1 Years
3-four,0-1 Years
3 to four,0-1 Years
three to 4,0-1 Years
three four,0-1 Years
four months,0-1 Years
4 months,0-1 Years
four-months,0-1 Years
4-months,0-1 Years
fourmonths,0-1 Years
[3-9] months,0-1 Years
three-four,0-1 Years
threefour,0-1 Years
(3-4),0-1 Years
(three-4),0-1 Years
(3-four),0-1 Years
(3 to 4),0-1 Years
(3/4),0-1 Years
(3-4),0-1 Years
[3-4],0-1 Years
[three-4],0-1 Years
[3-four],0-1 Years
[3/4],0-1 Years
three-four months,0-1 Years
threefour months,0-1 Years
(3-4) months,0-1 Years
(three-4) months,0-1 Years
(3-four) months,0-1 Years
(3 to 4) months,0-1 Years
(3/4) months,0-1 Years
(3-4) months,0-1 Years
[3-4] months,0-1 Years
[three-4] months,0-1 Years
[3-four] months,0-1 Years
[3/4] months,0-1 Years
45356,0-1 Years
3 to 5,0-1 Years
45356,0-1 Years
three-5,0-1 Years
three-five,0-1 Years
3-five,0-1 Years
3 to five,0-1 Years
three to 5,0-1 Years
three five,0-1 Years
five month,0-1 Years
5 month,0-1 Years
five-month,0-1 Years
5-month,0-1 Years
fivemonth,0-1 Years
[3-9] month,0-1 Years
three-five,0-1 Years
threefive,0-1 Years
(3-5),0-1 Years
(three-5),0-1 Years
(3-five),0-1 Years
(3 to 5),0-1 Years
(3/5),0-1 Years
(3-5),0-1 Years
[3-5],0-1 Years
[three-5],0-1 Years
[3-five],0-1 Years
[3/5],0-1 Years
three-five month,0-1 Years
threefive month,0-1 Years
(3-5) month,0-1 Years
(three-5) month,0-1 Years
(3-five) month,0-1 Years
(3 to 5) month,0-1 Years
(3/5) month,0-1 Years
(3-5) month,0-1 Years
[3-5] month,0-1 Years
[three-5] month,0-1 Years
[3-five] month,0-1 Years
[3/5] month,0-1 Years
45356,0-1 Years
3 to 5,0-1 Years
45356,0-1 Years
three-5,0-1 Years
three-five,0-1 Years
3-five,0-1 Years
3 to five,0-1 Years
three to 5,0-1 Years
three five,0-1 Years
five months,0-1 Years
5 months,0-1 Years
five-months,0-1 Years
5-months,0-1 Years
fivemonths,0-1 Years
[3-9] months,0-1 Years
three-five,0-1 Years
threefive,0-1 Years
(3-5),0-1 Years
(three-5),0-1 Years
(3-five),0-1 Years
(3 to 5),0-1 Years
(3/5),0-1 Years
(3-5),0-1 Years
[3-5],0-1 Years
[three-5],0-1 Years
[3-five],0-1 Years
[3/5],0-1 Years
three-five months,0-1 Years
threefive months,0-1 Years
(3-5) months,0-1 Years
(three-5) months,0-1 Years
(3-five) months,0-1 Years
(3 to 5) months,0-1 Years
(3/5) months,0-1 Years
(3-5) months,0-1 Years
[3-5] months,0-1 Years
[three-5] months,0-1 Years
[3-five] months,0-1 Years
[3/5] months,0-1 Years
45327,0-1 Years
2 to 5,0-1 Years
45327,0-1 Years
two-5,0-1 Years
two-five,0-1 Years
2-five,0-1 Years
2 to five,0-1 Years
two to 5,0-1 Years
two five,0-1 Years
five month,0-1 Years
5 month,0-1 Years
five-month,0-1 Years
5-month,0-1 Years
fivemonth,0-1 Years
[2-9] month,0-1 Years
two-five,0-1 Years
twofive,0-1 Years
(2-5),0-1 Years
(two-5),0-1 Years
(2-five),0-1 Years
(2 to 5),0-1 Years
(2/5),0-1 Years
(2-5),0-1 Years
[2-5],0-1 Years
[two-5],0-1 Years
[2-five],0-1 Years
[2/5],0-1 Years
two-five month,0-1 Years
twofive month,0-1 Years
(2-5) month,0-1 Years
(two-5) month,0-1 Years
(2-five) month,0-1 Years
(2 to 5) month,0-1 Years
(2/5) month,0-1 Years
(2-5) month,0-1 Years
[2-5] month,0-1 Years
[two-5] month,0-1 Years
[2-five] month,0-1 Years
[2/5] month,0-1 Years
45327,0-1 Years
2 to 5,0-1 Years
45327,0-1 Years
two-5,0-1 Years
two-five,0-1 Years
2-five,0-1 Years
2 to five,0-1 Years
two to 5,0-1 Years
two five,0-1 Years
five months,0-1 Years
5 months,0-1 Years
five-months,0-1 Years
5-months,0-1 Years
fivemonths,0-1 Years
[2-9] months,0-1 Years
two-five,0-1 Years
twofive,0-1 Years
(2-5),0-1 Years
(two-5),0-1 Years
(2-five),0-1 Years
(2 to 5),0-1 Years
(2/5),0-1 Years
(2-5),0-1 Years
[2-5],0-1 Years
[two-5],0-1 Years
[2-five],0-1 Years
[2/5],0-1 Years
two-five months,0-1 Years
twofive months,0-1 Years
(2-5) months,0-1 Years
(two-5) months,0-1 Years
(2-five) months,0-1 Years
(2 to 5) months,0-1 Years
(2/5) months,0-1 Years
(2-5) months,0-1 Years
[2-5] months,0-1 Years
[two-5] months,0-1 Years
[2-five] months,0-1 Years
[2/5] months,0-1 Years
2 to 5,0-1 Years
two-5,0-1 Years
two-five,0-1 Years
2-five,0-1 Years
2 to five,0-1 Years
two to 5,0-1 Years
two five,0-1 Years
five month,0-1 Years
5 month,0-1 Years
five-month,0-1 Years
5-month,0-1 Years
fivemonth,0-1 Years
[2-9] month,0-1 Years
two-five,0-1 Years
twofive,0-1 Years
(2-5),0-1 Years
(two-5),0-1 Years
(2-five),0-1 Years
(2 to 5),0-1 Years
(2/5),0-1 Years
(2-5),0-1 Years
[2-5],0-1 Years
[two-5],0-1 Years
[2-five],0-1 Years
[2/5],0-1 Years
two-five month,0-1 Years
twofive month,0-1 Years
(2-5) month,0-1 Years
(two-5) month,0-1 Years
(2-five) month,0-1 Years
(2 to 5) month,0-1 Years
(2/5) month,0-1 Years
(2-5) month,0-1 Years
[2-5] month,0-1 Years
[two-5] month,0-1 Years
[2-five] month,0-1 Years
[2/5] month,0-1 Years
2 to 5,0-1 Years
two-5,0-1 Years
two-five,0-1 Years
2-five,0-1 Years
2 to five,0-1 Years
two to 5,0-1 Years
two five,0-1 Years
five months,0-1 Years
5 months,0-1 Years
five-months,0-1 Years
5-months,0-1 Years
fivemonths,0-1 Years
[2-9] months,0-1 Years
two-five,0-1 Years
twofive,0-1 Years
(2-5),0-1 Years
(two-5),0-1 Years
(2-five),0-1 Years
(2 to 5),0-1 Years
(2/5),0-1 Years
(2-5),0-1 Years
[2-5],0-1 Years
[two-5],0-1 Years
[2-five],0-1 Years
[2/5],0-1 Years
two-five months,0-1 Years
twofive months,0-1 Years
(2-5) months,0-1 Years
(two-5) months,0-1 Years
(2-five) months,0-1 Years
(2 to 5) months,0-1 Years
(2/5) months,0-1 Years
(2-5) months,0-1 Years
[2-5] months,0-1 Years
[two-5] months,0-1 Years
[2-five] months,0-1 Years
[2/5] months,0-1 Years
2 to 6,0-1 Years
two-6,0-1 Years
two-six,0-1 Years
2-six,0-1 Years
2 to six,0-1 Years
two to 6,0-1 Years
two six,0-1 Years
six month,0-1 Years
6 month,0-1 Years
six-month,0-1 Years
6-month,0-1 Years
sixmonth,0-1 Years
[2-9] month,0-1 Years
two-six,0-1 Years
twosix,0-1 Years
(2-6),0-1 Years
(two-6),0-1 Years
(2-six),0-1 Years
(2 to 6),0-1 Years
(2/6),0-1 Years
(2-6),0-1 Years
[2-6],0-1 Years
[two-6],0-1 Years
[2-six],0-1 Years
[2/6],0-1 Years
two-six month,0-1 Years
twosix month,0-1 Years
(2-6) month,0-1 Years
(two-6) month,0-1 Years
(2-six) month,0-1 Years
(2 to 6) month,0-1 Years
(2/6) month,0-1 Years
(2-6) month,0-1 Years
[2-6] month,0-1 Years
[two-6] month,0-1 Years
[2-six] month,0-1 Years
[2/6] month,0-1 Years
2 to 6,0-1 Years
two-6,0-1 Years
two-six,0-1 Years
2-six,0-1 Years
2 to six,0-1 Years
two to 6,0-1 Years
two six,0-1 Years
six months,0-1 Years
6 months,0-1 Years
six-months,0-1 Years
6-months,0-1 Years
sixmonths,0-1 Years
[2-9] months,0-1 Years
two-six,0-1 Years
twosix,0-1 Years
(2-6),0-1 Years
(two-6),0-1 Years
(2-six),0-1 Years
(2 to 6),0-1 Years
(2/6),0-1 Years
(2-6),0-1 Years
[2-6],0-1 Years
[two-6],0-1 Years
[2-six],0-1 Years
[2/6],0-1 Years
two-six months,0-1 Years
twosix months,0-1 Years
(2-6) months,0-1 Years
(two-6) months,0-1 Years
(2-six) months,0-1 Years
(2 to 6) months,0-1 Years
(2/6) months,0-1 Years
(2-6) months,0-1 Years
[2-6] months,0-1 Years
[two-6] months,0-1 Years
[2-six] months,0-1 Years
[2/6] months,0-1 Years
2 to 7,0-1 Years
two-7,0-1 Years
two-seven,0-1 Years
2-seven,0-1 Years
2 to seven,0-1 Years
two to 7,0-1 Years
two seven,0-1 Years
seven month,0-1 Years
7 month,0-1 Years
seven-month,0-1 Years
7-month,0-1 Years
sevenmonth,0-1 Years
[2-9] month,0-1 Years
two-seven,0-1 Years
twoseven,0-1 Years
(2-7),0-1 Years
(two-7),0-1 Years
(2-seven),0-1 Years
(2 to 7),0-1 Years
(2/7),0-1 Years
(2-7),0-1 Years
[2-7],0-1 Years
[two-7],0-1 Years
[2-seven],0-1 Years
[2/7],0-1 Years
two-seven month,0-1 Years
twoseven month,0-1 Years
(2-7) month,0-1 Years
(two-7) month,0-1 Years
(2-seven) month,0-1 Years
(2 to 7) month,0-1 Years
(2/7) month,0-1 Years
(2-7) month,0-1 Years
[2-7] month,0-1 Years
[two-7] month,0-1 Years
[2-seven] month,0-1 Years
[2/7] month,0-1 Years
2 to 7,0-1 Years
two-7,0-1 Years
two-seven,0-1 Years
2-seven,0-1 Years
2 to seven,0-1 Years
two to 7,0-1 Years
two seven,0-1 Years
seven months,0-1 Years
7 months,0-1 Years
seven-months,0-1 Years
7-months,0-1 Years
sevenmonths,0-1 Years
[2-9] months,0-1 Years
two-seven,0-1 Years
twoseven,0-1 Years
(2-7),0-1 Years
(two-7),0-1 Years
(2-seven),0-1 Years
(2 to 7),0-1 Years
(2/7),0-1 Years
(2-7),0-1 Years
[2-7],0-1 Years
[two-7],0-1 Years
[2-seven],0-1 Years
[2/7],0-1 Years
two-seven months,0-1 Years
twoseven months,0-1 Years
(2-7) months,0-1 Years
(two-7) months,0-1 Years
(2-seven) months,0-1 Years
(2 to 7) months,0-1 Years
(2/7) months,0-1 Years
(2-7) months,0-1 Years
[2-7] months,0-1 Years
[two-7] months,0-1 Years
[2-seven] months,0-1 Years
[2/7] months,0-1 Years
2 to 8,0-1 Years
two-8,0-1 Years
two-eight,0-1 Years
2-eight,0-1 Years
2 to eight,0-1 Years
two to 8,0-1 Years
two eight,0-1 Years
eight month,0-1 Years
8 month,0-1 Years
eight-month,0-1 Years
8-month,0-1 Years
eightmonth,0-1 Years
[2-9] month,0-1 Years
two-eight,0-1 Years
twoeight,0-1 Years
(2-8),0-1 Years
(two-8),0-1 Years
(2-eight),0-1 Years
(2 to 8),0-1 Years
(2/8),0-1 Years
(2-8),0-1 Years
[2-8],0-1 Years
[two-8],0-1 Years
[2-eight],0-1 Years
[2/8],0-1 Years
two-eight month,0-1 Years
twoeight month,0-1 Years
(2-8) month,0-1 Years
(two-8) month,0-1 Years
(2-eight) month,0-1 Years
(2 to 8) month,0-1 Years
(2/8) month,0-1 Years
(2-8) month,0-1 Years
[2-8] month,0-1 Years
[two-8] month,0-1 Years
[2-eight] month,0-1 Years
[2/8] month,0-1 Years
2 to 8,0-1 Years
two-8,0-1 Years
two-eight,0-1 Years
2-eight,0-1 Years
2 to eight,0-1 Years
two to 8,0-1 Years
two eight,0-1 Years
eight months,0-1 Years
8 months,0-1 Years
eight-months,0-1 Years
8-months,0-1 Years
eightmonths,0-1 Years
[2-9] months,0-1 Years
two-eight,0-1 Years
twoeight,0-1 Years
(2-8),0-1 Years
(two-8),0-1 Years
(2-eight),0-1 Years
(2 to 8),0-1 Years
(2/8),0-1 Years
(2-8),0-1 Years
[2-8],0-1 Years
[two-8],0-1 Years
[2-eight],0-1 Years
[2/8],0-1 Years
two-eight months,0-1 Years
twoeight months,0-1 Years
(2-8) months,0-1 Years
(two-8) months,0-1 Years
(2-eight) months,0-1 Years
(2 to 8) months,0-1 Years
(2/8) months,0-1 Years
(2-8) months,0-1 Years
[2-8] months,0-1 Years
[two-8] months,0-1 Years
[2-eight] months,0-1 Years
[2/8] months,0-1 Years
5 to 8,0-1 Years
five-8,0-1 Years
five-eight,0-1 Years
5-eight,0-1 Years
5 to eight,0-1 Years
five to 8,0-1 Years
five eight,0-1 Years
eight month,0-1 Years
8 month,0-1 Years
eight-month,0-1 Years
8-month,0-1 Years
eightmonth,0-1 Years
[5-9] month,0-1 Years
five-eight,0-1 Years
fiveeight,0-1 Years
(5-8),0-1 Years
(five-8),0-1 Years
(5-eight),0-1 Years
(5 to 8),0-1 Years
(5/8),0-1 Years
(5-8),0-1 Years
[5-8],0-1 Years
[five-8],0-1 Years
[5-eight],0-1 Years
[5/8],0-1 Years
five-eight month,0-1 Years
fiveeight month,0-1 Years
(5-8) month,0-1 Years
(five-8) month,0-1 Years
(5-eight) month,0-1 Years
(5 to 8) month,0-1 Years
(5/8) month,0-1 Years
(5-8) month,0-1 Years
[5-8] month,0-1 Years
[five-8] month,0-1 Years
[5-eight] month,0-1 Years
[5/8] month,0-1 Years
5 to 8,0-1 Years
five-8,0-1 Years
five-eight,0-1 Years
5-eight,0-1 Years
5 to eight,0-1 Years
five to 8,0-1 Years
five eight,0-1 Years
eight months,0-1 Years
8 months,0-1 Years
eight-months,0-1 Years
8-months,0-1 Years
eightmonths,0-1 Years
[5-9] months,0-1 Years
five-eight,0-1 Years
fiveeight,0-1 Years
(5-8),0-1 Years
(five-8),0-1 Years
(5-eight),0-1 Years
(5 to 8),0-1 Years
(5/8),0-1 Years
(5-8),0-1 Years
[5-8],0-1 Years
[five-8],0-1 Years
[5-eight],0-1 Years
[5/8],0-1 Years
five-eight months,0-1 Years
fiveeight months,0-1 Years
(5-8) months,0-1 Years
(five-8) months,0-1 Years
(5-eight) months,0-1 Years
(5 to 8) months,0-1 Years
(5/8) months,0-1 Years
(5-8) months,0-1 Years
[5-8] months,0-1 Years
[five-8] months,0-1 Years
[5-eight] months,0-1 Years
[5/8] months,0-1 Years
9 to 10,0-1 Years
nine-10,0-1 Years
nine-ten,0-1 Years
9-ten,0-1 Years
9 to ten,0-1 Years
nine to 10,0-1 Years
nine ten,0-1 Years
ten month,0-1 Years
10 month,0-1 Years
ten-month,0-1 Years
10-month,0-1 Years
tenmonth,0-1 Years
[9-10] month,0-1 Years
nine-ten,0-1 Years
nineten,0-1 Years
(9-10),0-1 Years
(nine-10),0-1 Years
(9-ten),0-1 Years
(9 to 10),0-1 Years
(9/10),0-1 Years
(9-10),0-1 Years
[9-10],0-1 Years
[nine-10],0-1 Years
[9-ten],0-1 Years
[9/10],0-1 Years
nine-ten month,0-1 Years
nineten month,0-1 Years
(9-10) month,0-1 Years
(nine-10) month,0-1 Years
(9-ten) month,0-1 Years
(9 to 10) month,0-1 Years
(9/10) month,0-1 Years
(9-10) month,0-1 Years
[9-10] month,0-1 Years
[nine-10] month,0-1 Years
[9-ten] month,0-1 Years
[9/10] month,0-1 Years
9 to 10,0-1 Years
nine-10,0-1 Years
nine-ten,0-1 Years
9-ten,0-1 Years
9 to ten,0-1 Years
nine to 10,0-1 Years
nine ten,0-1 Years
ten months,0-1 Years
10 months,0-1 Years
ten-months,0-1 Years
10-months,0-1 Years
tenmonths,0-1 Years
[9-10] months,0-1 Years
nine-ten,0-1 Years
nineten,0-1 Years
(9-10),0-1 Years
(nine-10),0-1 Years
(9-ten),0-1 Years
(9 to 10),0-1 Years
(9/10),0-1 Years
(9-10),0-1 Years
[9-10],0-1 Years
[nine-10],0-1 Years
[9-ten],0-1 Years
[9/10],0-1 Years
nine-ten months,0-1 Years
nineten months,0-1 Years
(9-10) months,0-1 Years
(nine-10) months,0-1 Years
(9-ten) months,0-1 Years
(9 to 10) months,0-1 Years
(9/10) months,0-1 Years
(9-10) months,0-1 Years
[9-10] months,0-1 Years
[nine-10] months,0-1 Years
[9-ten] months,0-1 Years
[9/10] months,0-1 Years
10 to 11 month,0-1 Years
ten-11,0-1 Years
ten-eleven,0-1 Years
10-eleven,0-1 Years
10 to eleven,0-1 Years
ten to 11,0-1 Years
ten eleven,0-1 Years
eleven month,0-1 Years
11 month,0-1 Years
eleven-month,0-1 Years
11-month,0-1 Years
elevenmonth,0-1 Years
[10-11] month,0-1 Years
ten-eleven,0-1 Years
teneleven,0-1 Years
(10-11),0-1 Years
(ten-11),0-1 Years
(10-eleven),0-1 Years
(10 to 11),0-1 Years
(10/11),0-1 Years
(10-11),0-1 Years
[10-11],0-1 Years
[ten-11],0-1 Years
[10-eleven],0-1 Years
[10/11],0-1 Years
ten-eleven month,0-1 Years
teneleven month,0-1 Years
(10-11) month,0-1 Years
(ten-11) month,0-1 Years
(10-eleven) month,0-1 Years
(10 to 11) month,0-1 Years
(10/11) month,0-1 Years
(10-11) month,0-1 Years
[10-11] month,0-1 Years
[ten-11] month,0-1 Years
[10-eleven] month,0-1 Years
[10/11] month,0-1 Years
10 to 11,0-1 Years
ten-11,0-1 Years
ten-eleven,0-1 Years
10-eleven,0-1 Years
10 to eleven,0-1 Years
ten to 11,0-1 Years
ten eleven,0-1 Years
eleven months,0-1 Years
11 months,0-1 Years
eleven-months,0-1 Years
11-months,0-1 Years
elevenmonths,0-1 Years
[10-11] months,0-1 Years
ten-eleven,0-1 Years
teneleven,0-1 Years
(10-11),0-1 Years
(ten-11),0-1 Years
(10-eleven),0-1 Years
(10 to 11),0-1 Years
(10/11),0-1 Years
(10-11),0-1 Years
[10-11],0-1 Years
[ten-11],0-1 Years
[10-eleven],0-1 Years
[10/11],0-1 Years
ten-eleven months,0-1 Years
teneleven months,0-1 Years
(10-11) months,0-1 Years
(ten-11) months,0-1 Years
(10-eleven) months,0-1 Years
(10 to 11) months,0-1 Years
(10/11) months,0-1 Years
(10-11) months,0-1 Years
[10-11] months,0-1 Years
[ten-11] months,0-1 Years
[10-eleven] months,0-1 Years
[10/11] months,0-1 Years
7 to 11,0-1 Years
seven-11,0-1 Years
seven-eleven,0-1 Years
7-eleven,0-1 Years
7 to eleven,0-1 Years
seven to 11,0-1 Years
seven eleven,0-1 Years
eleven month,0-1 Years
11 month,0-1 Years
eleven-month,0-1 Years
11-month,0-1 Years
elevenmonth,0-1 Years
[7-11] month,0-1 Years
seven-eleven,0-1 Years
seveneleven,0-1 Years
(7-11),0-1 Years
(seven-11),0-1 Years
(7-eleven),0-1 Years
(7 to 11),0-1 Years
(7/11),0-1 Years
(7-11),0-1 Years
[7-11],0-1 Years
[seven-11],0-1 Years
[7-eleven],0-1 Years
[7/11],0-1 Years
seven-eleven month,0-1 Years
seveneleven month,0-1 Years
(7-11) month,0-1 Years
(seven-11) month,0-1 Years
(7-eleven) month,0-1 Years
(7 to 11) month,0-1 Years
(7/11) month,0-1 Years
(7-11) month,0-1 Years
[7-11] month,0-1 Years
[seven-11] month,0-1 Years
[7-eleven] month,0-1 Years
[7/11] month,0-1 Years
7 to 11,0-1 Years
seven-11,0-1 Years
seven-eleven,0-1 Years
7-eleven,0-1 Years
7 to eleven,0-1 Years
seven to 11,0-1 Years
seven eleven,0-1 Years
eleven months,0-1 Years
11 months,0-1 Years
eleven-months,0-1 Years
11-months,0-1 Years
elevenmonths,0-1 Years
[7-11] months,0-1 Years
seven-eleven,0-1 Years
seveneleven,0-1 Years
(7-11),0-1 Years
(seven-11),0-1 Years
(7-eleven),0-1 Years
(7 to 11),0-1 Years
(7/11),0-1 Years
(7-11),0-1 Years
[7-11],0-1 Years
[seven-11],0-1 Years
[7-eleven],0-1 Years
[7/11],0-1 Years
seven-eleven months,0-1 Years
seveneleven months,0-1 Years
(7-11) months,0-1 Years
(seven-11) months,0-1 Years
(7-eleven) months,0-1 Years
(7 to 11) months,0-1 Years
(7/11) months,0-1 Years
(7-11) months,0-1 Years
[7-11] months,0-1 Years
[seven-11] months,0-1 Years
[7-eleven] months,0-1 Years
[7/11] months,0-1 Years
1+ year,1+ Years
1+ years,1+ Years
1-2 year,1+ Years
1-3 year,1+ Years
1-4 year,1+ Years
1-5 year,1+ Years
1-6 year,1+ Years
1-7 year,1+ Years
1-8 year,1+ Years
1-9 year,1+ Years
1-11 year,1+ Years
1-12 year,1+ Years
1-13 year,1+ Years
1-14 year,1+ Years
1-15 year,1+ Years
1-16 year,1+ Years
1-17 year,1+ Years
1-18 year,1+ Years
1 to 2 year,1+ Years
1 to 3 year,1+ Years
1 to 4 year,1+ Years
1 to 5 year,1+ Years
1 to 6 year,1+ Years
1 to 7 year,1+ Years
1 to 8 year,1+ Years
1 to 9 year,1+ Years
1 to 10 year,1+ Years
1 to 11 year,1+ Years
1 to 12 year,1+ Years
1 to 13 year,1+ Years
1 to 14 year,1+ Years
1 to 15 year,1+ Years
1 to 16 year,1+ Years
1 to 17 year,1+ Years
1 to 18 year,1+ Years
1-2 years,1+ Years
1-3 years,1+ Years
1-4 years,1+ Years
1-5 years,1+ Years
1-6 years,1+ Years
1-7 years,1+ Years
1-8 years,1+ Years
1-9 years,1+ Years
1-11 years,1+ Years
1-12 years,1+ Years
1-13 years,1+ Years
1-14 years,1+ Years
1-15 years,1+ Years
1-16 years,1+ Years
1-17 years,1+ Years
1-18 years,1+ Years
1 to 2 years,1+ Years
1 to 3 years,1+ Years
1 to 4 years,1+ Years
1 to 5 years,1+ Years
1 to 6 years,1+ Years
1 to 7 years,1+ Years
1 to 8 years,1+ Years
1 to 9 years,1+ Years
1 to 10 years,1+ Years
1 to 11 years,1+ Years
1 to 12 years,1+ Years
1 to 13 years,1+ Years
1 to 14 years,1+ Years
1 to 15 years,1+ Years
1 to 16 years,1+ Years
1 to 17 years,1+ Years
1 to 18 years,1+ Years
1+> year,1+ Years
1 year,1+ Years
1= year,1+ Years
1 year,1+ Years
1> year,1+ Years
1=> year,1+ Years
1 year,1+ Years
>=1 year,1+ Years
1 year,1+ Years
>1 year,1+ Years
one year,1+ Years
one or more year,1+ Years
greater than one year,1+ Years
plus one year,1+ Years
one plus year,1+ Years
> one year,1+ Years
one = year,1+ Years
one + year,1+ Years
equal one year,1+ Years
equal to one year,1+ Years
equal 1 year,1+ Years
more than 1 year,1+ Years
plus 1 year,1+ Years
1 or more year,1+ Years
greater than 1 year,1+ Years
over 1 year,1+ Years
over one year,1+ Years
beyond one year,1+ Years
beyond 1 year,1+ Years
upto one year,1+ Years
upto 1 year,1+ Years
plus 1 year,1+ Years
1 plus year,1+ Years
more 1 year,1+ Years
1 more year,1+ Years
one more year,1+ Years
1++ year,1+ Years
1 year,1+ Years
one and more year,1+ Years
1 and more year,1+ Years
2+ year,2+ Years
2 years,2+ Years
2+ years,2+ Years
2-3 year,2+ Years
2-4 year,2+ Years
2-5 year,2+ Years
2-6 year,2+ Years
2-7 year,2+ Years
2-8 year,2+ Years
2-9 year,2+ Years
2-10 year,2+ Years
2 to 2 year,2+ Years
2 to 3 year,2+ Years
2 to 4 year,2+ Years
2 to 5 year,2+ Years
2 to 6 year,2+ Years
2 to 7 year,2+ Years
2 to 8 year,2+ Years
2 to 9 year,2+ Years
2 to 10 year,2+ Years
2 to 11 year,2+ Years
2 to 12 year,2+ Years
2 to 13 year,2+ Years
2 to 14 year,2+ Years
2 to 15 year,2+ Years
2 to 16 year,2+ Years
2 to 17 year,2+ Years
2-2 years,2+ Years
2-3 years,2+ Years
2-4 years,2+ Years
2-5 years,2+ Years
2-6 years,2+ Years
2-7 years,2+ Years
2-8 years,2+ Years
2-9 years,2+ Years
2-11 years,2+ Years
2-12 years,2+ Years
2-13 years,2+ Years
2-14 years,2+ Years
2-15 years,2+ Years
2-16 years,2+ Years
2-17 years,2+ Years
2-18 years,2+ Years
2 to 2 years,2+ Years
2 to 3 years,2+ Years
2 to 4 years,2+ Years
2 to 5 years,2+ Years
2 to 6 years,2+ Years
2 to 7 years,2+ Years
2 to 8 years,2+ Years
2 to 9 years,2+ Years
2 to 10 years,2+ Years
2 to 11 years,2+ Years
2 to 12 years,2+ Years
2 to 13 years,2+ Years
2 to 14 years,2+ Years
2 to 15 years,2+ Years
2 to 16 years,2+ Years
2 to 17 years,2+ Years
2 to 18 years,2+ Years
two-two years,2+ Years
two-3 years,2+ Years
two-4 years,2+ Years
two-5 years,2+ Years
two-6 years,2+ Years
two-7 years,2+ Years
two-8 years,2+ Years
two-9 years,2+ Years
two-11 years,2+ Years
two-12 years,2+ Years
two-13 years,2+ Years
two-14 years,2+ Years
two-15 years,2+ Years
two-16 years,2+ Years
two-17 years,2+ Years
two-18 years,2+ Years
two to two years,2+ Years
two to 3 years,2+ Years
two to 4 years,2+ Years
two to 5 years,2+ Years
two to 6 years,2+ Years
two to 7 years,2+ Years
two to 8 years,2+ Years
two to 9 years,2+ Years
two to 10 years,2+ Years
two to 11 years,2+ Years
two to 12 years,2+ Years
two to 13 years,2+ Years
two to 14 years,2+ Years
two to 15 years,2+ Years
two to 16 years,2+ Years
two to 17 years,2+ Years
two to 18 years,2+ Years
two-two years,2+ Years
two-three years,2+ Years
two-four years,2+ Years
two-five years,2+ Years
two-six years,2+ Years
two-seven years,2+ Years
two-eight years,2+ Years
two-nine years,2+ Years
two-eleven years,2+ Years
two-twelve years,2+ Years
two-thirteen years,2+ Years
two-fourteen years,2+ Years
two-fifteen years,2+ Years
two-sixteen years,2+ Years
two-seventeen years,2+ Years
two-eighteen years,2+ Years
two to two years,2+ Years
two to three years,2+ Years
two to four years,2+ Years
two to five years,2+ Years
two to six years,2+ Years
two to seven years,2+ Years
two to eight years,2+ Years
two to nine years,2+ Years
two to ten years,2+ Years
two to eleven years,2+ Years
two to twelve years,2+ Years
two to thirteen years,2+ Years
two to fourteen years,2+ Years
two to fifteen years,2+ Years
two to sixteen years,2+ Years
two to seventeen years,2+ Years
two to eighteen years,2+ Years
2 to 18 year,2+ Years
2-12 year,2+ Years
2+> year,2+ Years
2 year,2+ Years
2= year,2+ Years
2 year,2+ Years
2> year,2+ Years
2=> year,2+ Years
2 year,2+ Years
2 year,2+ Years
2 year,2+ Years
2 year,2+ Years
two year,2+ Years
two or more year,2+ Years
greater than two year,2+ Years
plus two year,2+ Years
two plus year,2+ Years
two year,2+ Years
two = year,2+ Years
two + year,2+ Years
two year,2+ Years
equal two year,2+ Years
equal to two year,2+ Years
equal 2 year,2+ Years
more than 2 year,2+ Years
plus 2 year,2+ Years
2 or more year,2+ Years
greater than 2 year,2+ Years
over 2 year,2+ Years
over two year,2+ Years
beyond two year,2+ Years
beyond 2 year,2+ Years
upto two year,2+ Years
upto 2 year,2+ Years
plus 2 year,2+ Years
2 plus year,2+ Years
more 2 year,2+ Years
2 more year,2+ Years
two more year,2+ Years
2++ year,2+ Years
2 year,2+ Years
two and more year,2+ Years
2 and more year,2+ Years
3+ year,3+ Years
3+> year,3+ Years
3 year,3+ Years
3= year,3+ Years
3 year,3+ Years
3> year,3+ Years
3=> year,3+ Years
3 year,3+ Years
3 year,3+ Years
3 year,3+ Years
3 year,3+ Years
three year,3+ Years
three or more year,3+ Years
greater than three year,3+ Years
plus three year,3+ Years
three plus year,3+ Years
three year,3+ Years
three = year,3+ Years
three + year,3+ Years
three year,3+ Years
equal three year,3+ Years
equal to three year,3+ Years
equal 3 year,3+ Years
more than 3 year,3+ Years
plus 3 year,3+ Years
3 or more year,3+ Years
greater than 3 year,3+ Years
over 3 year,3+ Years
over three year,3+ Years
beyond three year,3+ Years
beyond 3 year,3+ Years
upto three year,3+ Years
upto 3 year,3+ Years
plus 3 year,3+ Years
3 plus year,3+ Years
more 3 year,3+ Years
3 more year,3+ Years
three more year,3+ Years
3++ year,3+ Years
3 year,3+ Years
three and more year,3+ Years
3 and more year,3+ Years
3-4 year,3+ Years
3-5 year,3+ Years
3-6 year,3+ Years
3-7 year,3+ Years
3-8 year,3+ Years
3-9 year,3+ Years
3-10 year,3+ Years
3 to 3 year,3+ Years
3 to 4 year,3+ Years
3 to 5 year,3+ Years
3 to 6 year,3+ Years
3 to 7 year,3+ Years
3 to 8 year,3+ Years
3 to 9 year,3+ Years
3 to 10 year,3+ Years
3 to 11 year,3+ Years
3 to 12 year,3+ Years
3 to 13 year,3+ Years
3 to 14 year,3+ Years
3 to 15 year,3+ Years
3 to 16 year,3+ Years
3 to 17 year,3+ Years
3 to 18 year,3+ Years
3-12 year,3+ Years
three-three years,3+ Years
three-three years,3+ Years
three-four years,3+ Years
three-five years,3+ Years
three-six years,3+ Years
three-seven years,3+ Years
three-eight years,3+ Years
three-nine years,3+ Years
three-eleven years,3+ Years
three-twelve years,3+ Years
three-thirteen years,3+ Years
three-fourteen years,3+ Years
three-fifteen years,3+ Years
three-sixteen years,3+ Years
three-seventeen years,3+ Years
three-eighteen years,3+ Years
three to three years,3+ Years
three to three years,3+ Years
three to four years,3+ Years
three to five years,3+ Years
three to six years,3+ Years
three to seven years,3+ Years
three to eight years,3+ Years
three to nine years,3+ Years
three to ten years,3+ Years
three to eleven years,3+ Years
three to twelve years,3+ Years
three to thirteen years,3+ Years
three to fourteen years,3+ Years
three to fifteen years,3+ Years
three to sixteen years,3+ Years
three to seventeen years,3+ Years
three to eighteen years,3+ Years
3-3 years,3+ Years
3-3 years,3+ Years
3-4 years,3+ Years
3-5 years,3+ Years
3-6 years,3+ Years
3-7 years,3+ Years
3-8 years,3+ Years
3-9 years,3+ Years
3-11 years,3+ Years
3-12 years,3+ Years
3-13 years,3+ Years
3-14 years,3+ Years
3-15 years,3+ Years
3-16 years,3+ Years
3-17 years,3+ Years
3-18 years,3+ Years
3 to 3 years,3+ Years
3 to 3 years,3+ Years
3 to 4 years,3+ Years
3 to 5 years,3+ Years
3 to 6 years,3+ Years
3 to 7 years,3+ Years
3 to 8 years,3+ Years
3 to 9 years,3+ Years
3 to 10 years,3+ Years
3 to 11 years,3+ Years
3 to 12 years,3+ Years
3 to 13 years,3+ Years
3 to 14 years,3+ Years
3 to 15 years,3+ Years
3 to 16 years,3+ Years
3 to 17 years,3+ Years
3 to 18 years,3+ Years
(3-3) years,3+ Years
(3-3) years,3+ Years
(3-4) years,3+ Years
(3-5) years,3+ Years
(3-6) years,3+ Years
(3-7) years,3+ Years
(3-8) years,3+ Years
(3-9) years,3+ Years
(3-11) years,3+ Years
(3-12) years,3+ Years
(3-13) years,3+ Years
(3-14) years,3+ Years
(3-15) years,3+ Years
(3-16) years,3+ Years
(3-17) years,3+ Years
(3-18) years,3+ Years
(3 to 3) years,3+ Years
(3 to 3) years,3+ Years
(3 to 4) years,3+ Years
(3 to 5) years,3+ Years
(3 to 6) years,3+ Years
(3 to 7) years,3+ Years
(3 to 8) years,3+ Years
(3 to 9) years,3+ Years
(3 to 10) years,3+ Years
(3 to 11) years,3+ Years
(3 to 12) years,3+ Years
(3 to 13) years,3+ Years
(3 to 14) years,3+ Years
(3 to 15) years,3+ Years
(3 to 16) years,3+ Years
(3 to 17) years,3+ Years
(3 to 18) years,3+ Years
(three-three) years,3+ Years
(three-three) years,3+ Years
(three-four) years,3+ Years
(three-five) years,3+ Years
(three-six) years,3+ Years
(three-seven) years,3+ Years
(three-eight) years,3+ Years
(three-nine) years,3+ Years
(three-eleven) years,3+ Years
(three-twelve) years,3+ Years
(three-thirteen) years,3+ Years
(three-fourteen) years,3+ Years
(three-fifteen) years,3+ Years
(three-sixteen) years,3+ Years
(three-seventeen) years,3+ Years
(three-eighteen) years,3+ Years
(three to three) years,3+ Years
(three to three) years,3+ Years
(three to four) years,3+ Years
(three to five) years,3+ Years
(three to six) years,3+ Years
(three to seven) years,3+ Years
(three to eight) years,3+ Years
(three to nine) years,3+ Years
(three to ten) years,3+ Years
(three to eleven) years,3+ Years
(three to twelve) years,3+ Years
(three to thirteen) years,3+ Years
(three to fourteen) years,3+ Years
(three to fifteen) years,3+ Years
(three to sixteen) years,3+ Years
(three to seventeen) years,3+ Years
(three to eighteen) years,3+ Years
4+ year,4+ Years
4+> year,4+ Years
4 year,4+ Years
4= year,4+ Years
4 year,4+ Years
4> year,4+ Years
4=> year,4+ Years
4 year,4+ Years
4 year,4+ Years
4 year,4+ Years
4 year,4+ Years
four year,4+ Years
four or more year,4+ Years
greater than four year,4+ Years
plus four year,4+ Years
four plus year,4+ Years
four year,4+ Years
four = year,4+ Years
four + year,4+ Years
four year,4+ Years
equal four year,4+ Years
equal to four year,4+ Years
equal 4 year,4+ Years
more than 4 year,4+ Years
plus 4 year,4+ Years
4 or more year,4+ Years
greater than 4 year,4+ Years
over 4 year,4+ Years
over four year,4+ Years
beyond four year,4+ Years
beyond 4 year,4+ Years
upto four year,4+ Years
upto 4 year,4+ Years
plus 4 year,4+ Years
4 plus year,4+ Years
more 4 year,4+ Years
4 more year,4+ Years
four more year,4+ Years
4++ year,4+ Years
4 year,4+ Years
four and more year,4+ Years
4-4 years,4+ Years
4-4 years,4+ Years
4-5 years,4+ Years
4-6 years,4+ Years
4-7 years,4+ Years
4-8 years,4+ Years
4-9 years,4+ Years
4-11 years,4+ Years
4-12 years,4+ Years
4-13 years,4+ Years
4-14 years,4+ Years
4-15 years,4+ Years
4-16 years,4+ Years
4-17 years,4+ Years
4-18 years,4+ Years
4 to 4 years,4+ Years
4 to 4 years,4+ Years
4 to 5 years,4+ Years
4 to 6 years,4+ Years
4 to 7 years,4+ Years
4 to 8 years,4+ Years
4 to 9 years,4+ Years
4 to 10 years,4+ Years
4 to 11 years,4+ Years
4 to 12 years,4+ Years
4 to 13 years,4+ Years
4 to 14 years,4+ Years
4 to 15 years,4+ Years
4 to 16 years,4+ Years
4 to 17 years,4+ Years
four-four years,4+ Years
four-four years,4+ Years
four-five years,4+ Years
four-six years,4+ Years
four-seven years,4+ Years
four-eight years,4+ Years
four-nine years,4+ Years
four-eleven years,4+ Years
four-twelve years,4+ Years
four-thirteen years,4+ Years
four-fourteen years,4+ Years
four-fifteen years,4+ Years
four-sixteen years,4+ Years
four-seventeen years,4+ Years
four-eighteen years,4+ Years
four to four years,4+ Years
four to four years,4+ Years
four to five years,4+ Years
four to six years,4+ Years
four to seven years,4+ Years
four to eight years,4+ Years
four to nine years,4+ Years
four to ten years,4+ Years
four to eleven years,4+ Years
four to twelve years,4+ Years
four to thirteen years,4+ Years
four to fourteen years,4+ Years
four to fifteen years,4+ Years
four to sixteen years,4+ Years
four to seventeen years,4+ Years
four to eighteen years,4+ Years
4-four years,4+ Years
4-four years,4+ Years
4-five years,4+ Years
4-six years,4+ Years
4-seven years,4+ Years
4-eight years,4+ Years
4-nine years,4+ Years
4-eleven years,4+ Years
4-twelve years,4+ Years
4-thirteen years,4+ Years
4-fourteen years,4+ Years
4-fifteen years,4+ Years
4-sixteen years,4+ Years
4-seventeen years,4+ Years
4-eighteen years,4+ Years
4 to 4 years,4+ Years
4 to 4 years,4+ Years
4 to five years,4+ Years
4 to six years,4+ Years
4 to seven years,4+ Years
4 to eight years,4+ Years
4 to nine years,4+ Years
4 to ten years,4+ Years
4 to eleven years,4+ Years
4 to twelve years,4+ Years
4 to thirteen years,4+ Years
4 to fourteen years,4+ Years
4 to fifteen years,4+ Years
4 to sixteen years,4+ Years
4 to seventeen years,4+ Years
4 to eighteen years,4+ Years
[4-four] years,4+ Years
[4-four] years,4+ Years
[4-five] years,4+ Years
[4-six] years,4+ Years
[4-seven] years,4+ Years
[4-eight] years,4+ Years
[4-nine] years,4+ Years
[4-eleven] years,4+ Years
[4-twelve] years,4+ Years
[4-thirteen] years,4+ Years
[4-fourteen] years,4+ Years
[4-fifteen] years,4+ Years
[4-sixteen] years,4+ Years
[4-seventeen] years,4+ Years
[4-eighteen] years,4+ Years
[4 to 4] years,4+ Years
[4 to 4] years,4+ Years
[4 to five] years,4+ Years
[4 to six] years,4+ Years
[4 to seven] years,4+ Years
[4 to eight] years,4+ Years
[4 to nine] years,4+ Years
[4 to ten] years,4+ Years
[4 to eleven] years,4+ Years
[4 to twelve] years,4+ Years
[4 to thirteen] years,4+ Years
[4 to fourteen] years,4+ Years
[4 to fifteen] years,4+ Years
[4 to sixteen] years,4+ Years
[4 to seventeen] years,4+ Years
[4 to eighteen] years,4+ Years
[4-4] years,4+ Years
[4-4] years,4+ Years
[4-5] years,4+ Years
[4-6] years,4+ Years
[4-7] years,4+ Years
[4-8] years,4+ Years
[4-9] years,4+ Years
[4-11] years,4+ Years
[4-12] years,4+ Years
[4-13] years,4+ Years
[4-14] years,4+ Years
[4-15] years,4+ Years
[4-16] years,4+ Years
[4-17] years,4+ Years
[4-18] years,4+ Years
[4 to 4] years,4+ Years
[4 to 4] years,4+ Years
[4 to 5] years,4+ Years
[4 to 6] years,4+ Years
[4 to 7] years,4+ Years
[4 to 8] years,4+ Years
[4 to 9] years,4+ Years
[4 to 10] years,4+ Years
[4 to 11] years,4+ Years
[4 to 12] years,4+ Years
[4 to 13] years,4+ Years
[4 to 14] years,4+ Years
[4 to 15] years,4+ Years
[4 to 16] years,4+ Years
[4 to 17] years,4+ Years
[4 to 18] years,4+ Years
(4-4) years,4+ Years
(4-4) years,4+ Years
(4-5) years,4+ Years
(4-6) years,4+ Years
(4-7) years,4+ Years
(4-8) years,4+ Years
(4-9) years,4+ Years
(4-11) years,4+ Years
(4-12) years,4+ Years
(4-13) years,4+ Years
(4-14) years,4+ Years
(4-15) years,4+ Years
(4-16) years,4+ Years
(4-17) years,4+ Years
(4-18) years,4+ Years
(4 to 4) years,4+ Years
(4 to 4) years,4+ Years
(4 to 5) years,4+ Years
(4 to 6) years,4+ Years
(4 to 7) years,4+ Years
(4 to 8) years,4+ Years
(4 to 9) years,4+ Years
(4 to 10) years,4+ Years
(4 to 11) years,4+ Years
(4 to 12) years,4+ Years
(4 to 13) years,4+ Years
(4 to 14) years,4+ Years
(4 to 15) years,4+ Years
(4 to 16) years,4+ Years
(4 to 17) years,4+ Years
(4 to 18) years,4+ Years
(four-four) years,4+ Years
(four-four) years,4+ Years
(four-five) years,4+ Years
(four-six) years,4+ Years
(four-seven) years,4+ Years
(four-eight) years,4+ Years
(four-nine) years,4+ Years
(four-eleven) years,4+ Years
(four-twelve) years,4+ Years
(four-thirteen) years,4+ Years
(four-fourteen) years,4+ Years
(four-fifteen) years,4+ Years
(four-sixteen) years,4+ Years
(four-seventeen) years,4+ Years
(four-eighteen) years,4+ Years
(four to four) years,4+ Years
(four to four) years,4+ Years
(four to five) years,4+ Years
(four to six) years,4+ Years
(four to seven) years,4+ Years
(four to eight) years,4+ Years
(four to nine) years,4+ Years
(four to ten) years,4+ Years
(four to eleven) years,4+ Years
(four to twelve) years,4+ Years
(four to thirteen) years,4+ Years
(four to fourteen) years,4+ Years
(four to fifteen) years,4+ Years
(four to sixteen) years,4+ Years
(four to seventeen) years,4+ Years
(four to eighteen) years,4+ Years
4 to 18 years,4+ Years
4 and more year,4+ Years
5+ year,5+ Years
5+> year,5+ Years
5 year,5+ Years
5= year,5+ Years
5 year,5+ Years
5> year,5+ Years
5=> year,5+ Years
5 year,5+ Years
5 year,5+ Years
5 year,5+ Years
5 year,5+ Years
five year,5+ Years
five or more year,5+ Years
greater than five year,5+ Years
plus five year,5+ Years
five plus year,5+ Years
five year,5+ Years
five = year,5+ Years
five + year,5+ Years
five year,5+ Years
equal five year,5+ Years
equal to five year,5+ Years
equal 5 year,5+ Years
more than 5 year,5+ Years
plus 5 year,5+ Years
5 or more year,5+ Years
greater than 5 year,5+ Years
over 5 year,5+ Years
over five year,5+ Years
beyond five year,5+ Years
beyond 5 year,5+ Years
upto five year,5+ Years
upto 5 year,5+ Years
plus 5 year,5+ Years
5 plus year,5+ Years
more 5 year,5+ Years
5 more year,5+ Years
five more year,5+ Years
5++ year,5+ Years
5 year,5+ Years
five and more year,5+ Years
5 and more year,5+ Years
(five-five) years,5+ Years
(five-five) years,5+ Years
(five-five) years,5+ Years
(five-six) years,5+ Years
(five-seven) years,5+ Years
(five-eight) years,5+ Years
(five-nine) years,5+ Years
(five-eleven) years,5+ Years
(five-twelve) years,5+ Years
(five-thirteen) years,5+ Years
(five-fourteen) years,5+ Years
(five-fifteen) years,5+ Years
(five-sixteen) years,5+ Years
(five-seventeen) years,5+ Years
(five-eighteen) years,5+ Years
(five to five) years,5+ Years
(five to five) years,5+ Years
(five to five) years,5+ Years
(five to six) years,5+ Years
(five to seven) years,5+ Years
(five to eight) years,5+ Years
(five to nine) years,5+ Years
(five to ten) years,5+ Years
(five to eleven) years,5+ Years
(five to twelve) years,5+ Years
(five to thirteen) years,5+ Years
(five to fourteen) years,5+ Years
(five to fifteen) years,5+ Years
(five to sixteen) years,5+ Years
(five to seventeen) years,5+ Years
(five to eighteen) years,5+ Years
(5-5) years,5+ Years
(5-5) years,5+ Years
(5-5) years,5+ Years
(5-6) years,5+ Years
(5-7) years,5+ Years
(5-8) years,5+ Years
(5-9) years,5+ Years
(5-11) years,5+ Years
(5-12) years,5+ Years
(5-13) years,5+ Years
(5-14) years,5+ Years
(5-15) years,5+ Years
(5-16) years,5+ Years
(5-17) years,5+ Years
(5-18) years,5+ Years
(5 to 5) years,5+ Years
(5 to 5) years,5+ Years
(5 to 5) years,5+ Years
(5 to 6) years,5+ Years
(5 to 7) years,5+ Years
(5 to 8) years,5+ Years
(5 to 9) years,5+ Years
(5 to 10) years,5+ Years
(5 to 11) years,5+ Years
(5 to 12) years,5+ Years
(5 to 13) years,5+ Years
(5 to 14) years,5+ Years
(5 to 15) years,5+ Years
(5 to 16) years,5+ Years
(5 to 17) years,5+ Years
(5 to 18) years,5+ Years
5-5 years,5+ Years
5-5 years,5+ Years
5-5 years,5+ Years
5-6 years,5+ Years
5-7 years,5+ Years
5-8 years,5+ Years
5-9 years,5+ Years
5-11 years,5+ Years
5-12 years,5+ Years
5-13 years,5+ Years
5-14 years,5+ Years
5-15 years,5+ Years
5-16 years,5+ Years
5-17 years,5+ Years
5-18 years,5+ Years
5 to 5 years,5+ Years
5 to 5 years,5+ Years
5 to 5 years,5+ Years
5 to 6 years,5+ Years
5 to 7 years,5+ Years
5 to 8 years,5+ Years
5 to 9 years,5+ Years
5 to 10 years,5+ Years
5 to 11 years,5+ Years
5 to 12 years,5+ Years
5 to 13 years,5+ Years
5 to 14 years,5+ Years
5 to 15 years,5+ Years
5 to 16 years,5+ Years
5 to 17 years,5+ Years
5 to 18 years,5+ Years
6+ year,6+ Years
6+> year,6+ Years
6 year,6+ Years
6= year,6+ Years
6 year,6+ Years
6> year,6+ Years
6=> year,6+ Years
6 year,6+ Years
6 year,6+ Years
6 year,6+ Years
6 year,6+ Years
six year,6+ Years
six or more year,6+ Years
greater than six year,6+ Years
plus six year,6+ Years
six plus year,6+ Years
six year,6+ Years
six = year,6+ Years
six + year,6+ Years
six year,6+ Years
equal six year,6+ Years
equal to six year,6+ Years
equal 6 year,6+ Years
more than 6 year,6+ Years
plus 6 year,6+ Years
6 or more year,6+ Years
greater than 6 year,6+ Years
over 6 year,6+ Years
over six year,6+ Years
beyond six year,6+ Years
beyond 6 year,6+ Years
upto six year,6+ Years
upto 6 year,6+ Years
plus 6 year,6+ Years
6 plus year,6+ Years
more 6 year,6+ Years
6 more year,6+ Years
six more year,6+ Years
6++ year,6+ Years
6 year,6+ Years
six and more year,6+ Years
6 and more year,6+ Years
6-6 years,6+ Years
6-7 years,6+ Years
6-8 years,6+ Years
6-9 years,6+ Years
6-11 years,6+ Years
6-12 years,6+ Years
6-13 years,6+ Years
6-14 years,6+ Years
6-15 years,6+ Years
6-16 years,6+ Years
6-17 years,6+ Years
6-18 years,6+ Years
6 to 6 years,6+ Years
6 to 6 years,6+ Years
6 to 6 years,6+ Years
6 to 7 years,6+ Years
6 to 8 years,6+ Years
6 to 9 years,6+ Years
6 to 10 years,6+ Years
6 to 11 years,6+ Years
6 to 12 years,6+ Years
6 to 13 years,6+ Years
6 to 14 years,6+ Years
6 to 15 years,6+ Years
6 to 16 years,6+ Years
6 to 17 years,6+ Years
6 to 18 years,6+ Years
(6-6) years,6+ Years
(6-7) years,6+ Years
(6-8) years,6+ Years
(6-9) years,6+ Years
(6-11) years,6+ Years
(6-12) years,6+ Years
(6-13) years,6+ Years
(6-14) years,6+ Years
(6-15) years,6+ Years
(6-16) years,6+ Years
(6-17) years,6+ Years
(6-18) years,6+ Years
(6 to 6) years,6+ Years
(6 to 6) years,6+ Years
(6 to 6) years,6+ Years
(6 to 7) years,6+ Years
(6 to 8) years,6+ Years
(6 to 9) years,6+ Years
(6 to 10) years,6+ Years
(6 to 11) years,6+ Years
(6 to 12) years,6+ Years
(6 to 13) years,6+ Years
(6 to 14) years,6+ Years
(6 to 15) years,6+ Years
(6 to 16) years,6+ Years
(6 to 17) years,6+ Years
(6 to 18) years,6+ Years
(six-six) years,6+ Years
(six-seven) years,6+ Years
(six-eight) years,6+ Years
(six-nine) years,6+ Years
(six-eleven) years,6+ Years
(six-twelve) years,6+ Years
(six-thirteen) years,6+ Years
(six-fourteen) years,6+ Years
(six-fifteen) years,6+ Years
(six-sixteen) years,6+ Years
(six-seventeen) years,6+ Years
(six-eighteen) years,6+ Years
(six to six) years,6+ Years
(six to six) years,6+ Years
(six to six) years,6+ Years
(six to seven) years,6+ Years
(six to eight) years,6+ Years
(six to nine) years,6+ Years
(six to ten) years,6+ Years
(six to eleven) years,6+ Years
(six to twelve) years,6+ Years
(six to thirteen) years,6+ Years
(six to fourteen) years,6+ Years
(six to fifteen) years,6+ Years
(six to sixteen) years,6+ Years
(six to seventeen) years,6+ Years
(six to eighteen) years,6+ Years
7+ year,7+ Years
7+> year,7+ Years
7 year,7+ Years
7= year,7+ Years
7 years,7+ Years
7> year,7+ Years
7=> year,7+ Years
7 year,7+ Years
7 year,7+ Years
7 year,7+ Years
7 year,7+ Years
seven year,7+ Years
seven or more year,7+ Years
greater than seven year,7+ Years
plus seven year,7+ Years
seven plus year,7+ Years
seven year,7+ Years
seven = year,7+ Years
seven + year,7+ Years
seven year,7+ Years
equal seven year,7+ Years
equal to seven year,7+ Years
equal 7 year,7+ Years
more than 7 year,7+ Years
plus 7 year,7+ Years
7 or more year,7+ Years
greater than 7 year,7+ Years
over 7 year,7+ Years
over seven year,7+ Years
beyond seven year,7+ Years
beyond 7 year,7+ Years
upto seven year,7+ Years
upto 7 year,7+ Years
plus 7 year,7+ Years
7 plus year,7+ Years
more 7 year,7+ Years
7 more year,7+ Years
seven more year,7+ Years
7++ year,7+ Years
7 year,7+ Years
seven and more year,7+ Years
7 and more year,7+ Years
7-8 year,7+ Years
7-9 year,7+ Years
7-11 year,7+ Years
7-12 year,7+ Years
7-13 year,7+ Years
7-14 year,7+ Years
7-15 year,7+ Years
7-16 year,7+ Years
7-17 year,7+ Years
7-18 year,7+ Years
7 to 7 year,7+ Years
7 to 8 year,7+ Years
7 to 9 year,7+ Years
7 to 10 year,7+ Years
7 to 11 year,7+ Years
7 to 12 year,7+ Years
7 to 13 year,7+ Years
7 to 14 year,7+ Years
7 to 15 year,7+ Years
7 to 16 year,7+ Years
7 to 17 year,7+ Years
7 to 18 year,7+ Years
7-7 years,7+ Years
7-8 years,7+ Years
7-9 years,7+ Years
7-11 years,7+ Years
7-12 years,7+ Years
7-13 years,7+ Years
7-14 years,7+ Years
7-15 years,7+ Years
7-16 years,7+ Years
7-17 years,7+ Years
7-18 years,7+ Years
7 to 7 years,7+ Years
7 to 8 years,7+ Years
7 to 9 years,7+ Years
7 to 10 years,7+ Years
7 to 11 years,7+ Years
7 to 12 years,7+ Years
7 to 13 years,7+ Years
7 to 14 years,7+ Years
7 to 15 years,7+ Years
7 to 16 years,7+ Years
7 to 17 years,7+ Years
7 to 18 years,7+ Years
(7-8) year,7+ Years
(7-9) year,7+ Years
(7-11) year,7+ Years
(7-12) year,7+ Years
(7-13) year,7+ Years
(7-14) year,7+ Years
(7-15) year,7+ Years
(7-16) year,7+ Years
(7-17) year,7+ Years
(7-18) year,7+ Years
(7 to 7) year,7+ Years
(7 to 8) year,7+ Years
(7 to 9) year,7+ Years
(7 to 10) year,7+ Years
(7 to 11) year,7+ Years
(7 to 12) year,7+ Years
(7 to 13) year,7+ Years
(7 to 14) year,7+ Years
(7 to 15) year,7+ Years
(7 to 16) year,7+ Years
(7 to 17) year,7+ Years
(7 to 18) year,7+ Years
(7-7) years,7+ Years
(7-8) years,7+ Years
(7-9) years,7+ Years
(7-11) years,7+ Years
(7-12) years,7+ Years
(7-13) years,7+ Years
(7-14) years,7+ Years
(7-15) years,7+ Years
(7-16) years,7+ Years
(7-17) years,7+ Years
(7-18) years,7+ Years
(7 to 7) years,7+ Years
(7 to 8) years,7+ Years
(7 to 9) years,7+ Years
(7 to 10) years,7+ Years
(7 to 11) years,7+ Years
(7 to 12) years,7+ Years
(7 to 13) years,7+ Years
(7 to 14) years,7+ Years
(7 to 15) years,7+ Years
(7 to 16) years,7+ Years
(7 to 17) years,7+ Years
(7 to 18) years,7+ Years
(seven-eight) year,7+ Years
(seven-nine) year,7+ Years
(seven-eleven) year,7+ Years
(seven-twelve) year,7+ Years
(seven-thirteen) year,7+ Years
(seven-fourteen) year,7+ Years
(seven-fifteen) year,7+ Years
(seven-sixteen) year,7+ Years
(seven-seventeen) year,7+ Years
(seven-eighteen) year,7+ Years
(seven to seven) year,7+ Years
(seven to eight) year,7+ Years
(seven to nine) year,7+ Years
(seven to ten) year,7+ Years
(seven to eleven) year,7+ Years
(seven to twelve) year,7+ Years
(seven to thirteen) year,7+ Years
(seven to fourteen) year,7+ Years
(seven to fifteen) year,7+ Years
(seven to sixteen) year,7+ Years
(seven to seventeen) year,7+ Years
(seven to eighteen) year,7+ Years
(seven-seven) years,7+ Years
(seven-eight) years,7+ Years
(seven-nine) years,7+ Years
(seven-eleven) years,7+ Years
(seven-twelve) years,7+ Years
(seven-thirteen) years,7+ Years
(seven-fourteen) years,7+ Years
(seven-fifteen) years,7+ Years
(seven-sixteen) years,7+ Years
(seven-seventeen) years,7+ Years
(seven-eighteen) years,7+ Years
(seven to seven) years,7+ Years
(seven to eight) years,7+ Years
(seven to nine) years,7+ Years
(seven to ten) years,7+ Years
(seven to eleven) years,7+ Years
(seven to twelve) years,7+ Years
(seven to thirteen) years,7+ Years
(seven to fourteen) years,7+ Years
(seven to fifteen) years,7+ Years
(seven to sixteen) years,7+ Years
(seven to seventeen) years,7+ Years
(seven to eighteen) years,7+ Years
8+ year,8+ Years
8+> year,8+ Years
8 year,8+ Years
8= year,8+ Years
8 year,8+ Years
8> year,8+ Years
8=> year,8+ Years
8 year,8+ Years
8 year,8+ Years
8 year,8+ Years
8 year,8+ Years
eight year,8+ Years
eight or more year,8+ Years
greater than eight year,8+ Years
plus eight year,8+ Years
eight plus year,8+ Years
eight year,8+ Years
eight = year,8+ Years
eight + year,8+ Years
eight year,8+ Years
equal eight year,8+ Years
equal to eight year,8+ Years
equal 8 year,8+ Years
more than 8 year,8+ Years
plus 8 year,8+ Years
8 or more year,8+ Years
greater than 8 year,8+ Years
over 8 year,8+ Years
over eight year,8+ Years
beyond eight year,8+ Years
beyond 8 year,8+ Years
upto eight year,8+ Years
upto 8 year,8+ Years
plus 8 year,8+ Years
8 plus year,8+ Years
more 8 year,8+ Years
8 more year,8+ Years
eight more year,8+ Years
8++ year,8+ Years
8 year,8+ Years
eight and more year,8+ Years
8 and more year,8+ Years
9 year,8+ Years
10 year,8+ Years
11 year,8+ Years
12 year,8+ Years
13 year,8+ Years
14 year,8+ Years
15 year,8+ Years
16 year,8+ Years
17 year,8+ Years
18 year,8+ Years
19 year,8+ Years
20 year,8+ Years
21 year,8+ Years
22 year,8+ Years
23 year,8+ Years
24 year,8+ Years
25 year,8+ Years
9 years,8+ Years
10 years,8+ Years
11 years,8+ Years
12 years,8+ Years
13 years,8+ Years
14 years,8+ Years
15 years,8+ Years
16 years,8+ Years
17 years,8+ Years
18 years,8+ Years
19 years,8+ Years
20 years,8+ Years
21 years,8+ Years
22 years,8+ Years
23 years,8+ Years
24 years,8+ Years
25 years,8+ Years
nine year,8+ Years
ten year,8+ Years
eleven year,8+ Years
twelve year,8+ Years
thirteen year,8+ Years
fourteen year,8+ Years
fifteen year,8+ Years
sixteen year,8+ Years
seventeen year,8+ Years
eighteen year,8+ Years
nineteen year,8+ Years
twenty year,8+ Years
twenty-one year,8+ Years
twenty-two year,8+ Years
twenty-three year,8+ Years
twenty-four year,8+ Years
twenty-five year,8+ Years
nine years,8+ Years
ten years,8+ Years
eleven years,8+ Years
twelve years,8+ Years
thirteen years,8+ Years
fourteen years,8+ Years
fifteen years,8+ Years
sixteen years,8+ Years
seventeen years,8+ Years
eighteen years,8+ Years
nineteen years,8+ Years
twenty years,8+ Years
twenty-one years,8+ Years
twenty-two years,8+ Years
twenty-three years,8+ Years
twenty-four years,8+ Years
twenty-five years,8+ Years
twenty one years,8+ Years
twenty two years,8+ Years
twenty three years,8+ Years
twenty four years,8+ Years
twenty five years,8+ Years
(eight-eight) year,8+ Years
(eight-nine) year,8+ Years
(eight-eleven) year,8+ Years
(eight-twelve) year,8+ Years
(eight-thirteen) year,8+ Years
(eight-fourteen) year,8+ Years
(eight-fifteen) year,8+ Years
(eight-sixteen) year,8+ Years
(eight-seventeen) year,8+ Years
(eight-eighteen) year,8+ Years
(eight to eight) year,8+ Years
(eight to eight) year,8+ Years
(eight to nine) year,8+ Years
(eight to ten) year,8+ Years
(eight to eleven) year,8+ Years
(eight to twelve) year,8+ Years
(eight to thirteen) year,8+ Years
(eight to fourteen) year,8+ Years
(eight to fifteen) year,8+ Years
(eight to sixteen) year,8+ Years
(eight to seventeen) year,8+ Years
(eight to eighteen) year,8+ Years
(eight-eight) years,8+ Years
(eight-eight) years,8+ Years
(eight-nine) years,8+ Years
(eight-eleven) years,8+ Years
(eight-twelve) years,8+ Years
(eight-thirteen) years,8+ Years
(eight-fourteen) years,8+ Years
(eight-fifteen) years,8+ Years
(eight-sixteen) years,8+ Years
(eight-seventeen) years,8+ Years
(eight-eighteen) years,8+ Years
(eight to eight) years,8+ Years
(eight to eight) years,8+ Years
(eight to nine) years,8+ Years
(eight to ten) years,8+ Years
(eight to eleven) years,8+ Years
(eight to twelve) years,8+ Years
(eight to thirteen) years,8+ Years
(eight to fourteen) years,8+ Years
(eight to fifteen) years,8+ Years
(eight to sixteen) years,8+ Years
(eight to seventeen) years,8+ Years
(eight to eighteen) years,8+ Years
(8-8) year,8+ Years
(8-9) year,8+ Years
(8-11) year,8+ Years
(8-12) year,8+ Years
(8-13) year,8+ Years
(8-14) year,8+ Years
(8-15) year,8+ Years
(8-16) year,8+ Years
(8-17) year,8+ Years
(8-18) year,8+ Years
(8 to 8) year,8+ Years
(8 to 8) year,8+ Years
(8 to 9) year,8+ Years
(8 to 10) year,8+ Years
(8 to 11) year,8+ Years
(8 to 12) year,8+ Years
(8 to 13) year,8+ Years
(8 to 14) year,8+ Years
(8 to 15) year,8+ Years
(8 to 16) year,8+ Years
(8 to 17) year,8+ Years
(8 to 18) year,8+ Years
(8-8) years,8+ Years
(8-8) years,8+ Years
(8-9) years,8+ Years
(8-11) years,8+ Years
(8-12) years,8+ Years
(8-13) years,8+ Years
(8-14) years,8+ Years
(8-15) years,8+ Years
(8-16) years,8+ Years
(8-17) years,8+ Years
(8-18) years,8+ Years
(8 to 8) years,8+ Years
(8 to 8) years,8+ Years
(8 to 9) years,8+ Years
(8 to 10) years,8+ Years
(8 to 11) years,8+ Years
(8 to 12) years,8+ Years
(8 to 13) years,8+ Years
(8 to 14) years,8+ Years
(8 to 15) years,8+ Years
(8 to 16) years,8+ Years
(8 to 17) years,8+ Years
(8 to 18) years,8+ Years
8-8 year,8+ Years
8-9 year,8+ Years
8-11 year,8+ Years
8-12 year,8+ Years
8-13 year,8+ Years
8-14 year,8+ Years
8-15 year,8+ Years
8-16 year,8+ Years
8-17 year,8+ Years
8-18 year,8+ Years
8 to 8 year,8+ Years
8 to 8 year,8+ Years
8 to 9 year,8+ Years
8 to 10 year,8+ Years
8 to 11 year,8+ Years
8 to 12 year,8+ Years
8 to 13 year,8+ Years
8 to 14 year,8+ Years
8 to 15 year,8+ Years
8 to 16 year,8+ Years
8 to 17 year,8+ Years
8 to 18 year,8+ Years
8-8 years,8+ Years
8-8 years,8+ Years
8-9 years,8+ Years
8-11 years,8+ Years
8-12 years,8+ Years
8-13 years,8+ Years
8-14 years,8+ Years
8-15 years,8+ Years
8-16 years,8+ Years
8-17 years,8+ Years
8-18 years,8+ Years
8 to 8 years,8+ Years
8 to 8 years,8+ Years
8 to 9 years,8+ Years
8 to 10 years,8+ Years
8 to 11 years,8+ Years
8 to 12 years,8+ Years
8 to 13 years,8+ Years
8 to 14 years,8+ Years
8 to 15 years,8+ Years
8 to 16 years,8+ Years
8 to 17 years,8+ Years
8 to 18 years,8+ Years
(9-9) year,8+ Years
(9-11) year,8+ Years
(9-12) year,8+ Years
(9-13) year,8+ Years
(9-14) year,8+ Years
(9-15) year,8+ Years
(9-16) year,8+ Years
(9-17) year,8+ Years
(9-18) year,8+ Years
(9 to 9) year,8+ Years
(9 to 9) year,8+ Years
(9 to 9) year,8+ Years
(9 to 10) year,8+ Years
(9 to 11) year,8+ Years
(9 to 12) year,8+ Years
(9 to 13) year,8+ Years
(9 to 14) year,8+ Years
(9 to 15) year,8+ Years
(9 to 16) year,8+ Years
(9 to 17) year,8+ Years
(9 to 18) year,8+ Years
(9-9) years,8+ Years
(9-9) years,8+ Years
(9-9) years,8+ Years
(9-11) years,8+ Years
(9-12) years,8+ Years
(9-13) years,8+ Years
(9-14) years,8+ Years
(9-15) years,8+ Years
(9-16) years,8+ Years
(9-17) years,8+ Years
(9-18) years,8+ Years
(9 to 9) years,8+ Years
(9 to 9) years,8+ Years
(9 to 9) years,8+ Years
(9 to 10) years,8+ Years
(9 to 11) years,8+ Years
(9 to 12) years,8+ Years
(9 to 13) years,8+ Years
(9 to 14) years,8+ Years
(9 to 15) years,8+ Years
(9 to 16) years,8+ Years
(9 to 17) years,8+ Years
(9 to 18) years,8+ Years
9-9 year,8+ Years
9-9 year,8+ Years
9-11 year,8+ Years
9-12 year,8+ Years
9-13 year,8+ Years
9-14 year,8+ Years
9-15 year,8+ Years
9-16 year,8+ Years
9-17 year,8+ Years
9-18 year,8+ Years
9 to 9 year,8+ Years
9 to 9 year,8+ Years
9 to 9 year,8+ Years
9 to 10 year,8+ Years
9 to 11 year,8+ Years
9 to 12 year,8+ Years
9 to 13 year,8+ Years
9 to 14 year,8+ Years
9 to 15 year,8+ Years
9 to 16 year,8+ Years
9 to 17 year,8+ Years
9 to 18 year,8+ Years
9-9 years,8+ Years
9-9 years,8+ Years
9-9 years,8+ Years
9-11 years,8+ Years
9-12 years,8+ Years
9-13 years,8+ Years
9-14 years,8+ Years
9-15 years,8+ Years
9-16 years,8+ Years
9-17 years,8+ Years
9-18 years,8+ Years
9 to 9 years,8+ Years
9 to 9 years,8+ Years
9 to 9 years,8+ Years
9 to 10 years,8+ Years
9 to 11 years,8+ Years
9 to 12 years,8+ Years
9 to 13 years,8+ Years
9 to 14 years,8+ Years
9 to 15 years,8+ Years
9 to 16 years,8+ Years
9 to 17 years,8+ Years
9 to 18 years,8+ Years
(nine-nine) year,8+ Years
(nine-eleven) year,8+ Years
(nine-twelve) year,8+ Years
(nine-thirteen) year,8+ Years
(nine-fourteen) year,8+ Years
(nine-fifteen) year,8+ Years
(nine-sixteen) year,8+ Years
(nine-seventeen) year,8+ Years
(nine-eighteen) year,8+ Years
(nine to nine) year,8+ Years
(nine to nine) year,8+ Years
(nine to nine) year,8+ Years
(nine to ten) year,8+ Years
(nine to eleven) year,8+ Years
(nine to twelve) year,8+ Years
(nine to thirteen) year,8+ Years
(nine to fourteen) year,8+ Years
(nine to fifteen) year,8+ Years
(nine to sixteen) year,8+ Years
(nine to seventeen) year,8+ Years
(nine to eighteen) year,8+ Years
(nine-nine) years,8+ Years
(nine-nine) years,8+ Years
(nine-nine) years,8+ Years
(nine-eleven) years,8+ Years
(nine-twelve) years,8+ Years
(nine-thirteen) years,8+ Years
(nine-fourteen) years,8+ Years
(nine-fifteen) years,8+ Years
(nine-sixteen) years,8+ Years
(nine-seventeen) years,8+ Years
(nine-eighteen) years,8+ Years
(nine to nine) years,8+ Years
(nine to nine) years,8+ Years
(nine to nine) years,8+ Years
(nine to ten) years,8+ Years
(nine to eleven) years,8+ Years
(nine to twelve) years,8+ Years
(nine to thirteen) years,8+ Years
(nine to fourteen) years,8+ Years
(nine to fifteen) years,8+ Years
(nine to sixteen) years,8+ Years
(nine to seventeen) years,8+ Years
(nine to eighteen) years,8+ Years
nine-nine year,8+ Years
nine-nine year,8+ Years
nine-eleven year,8+ Years
nine-twelve year,8+ Years
nine-thirteen year,8+ Years
nine-fourteen year,8+ Years
nine-fifteen year,8+ Years
nine-sixteen year,8+ Years
nine-seventeen year,8+ Years
nine-eighteen year,8+ Years
nine to nine year,8+ Years
nine to nine year,8+ Years
nine to nine year,8+ Years
nine to ten year,8+ Years
nine to eleven year,8+ Years
nine to twelve year,8+ Years
nine to thirteen year,8+ Years
nine to fourteen year,8+ Years
nine to fifteen year,8+ Years
nine to sixteen year,8+ Years
nine to seventeen year,8+ Years
nine to eighteen year,8+ Years
nine-nine years,8+ Years
nine-nine years,8+ Years
nine-nine years,8+ Years
nine-eleven years,8+ Years
nine-twelve years,8+ Years
nine-thirteen years,8+ Years
nine-fourteen years,8+ Years
nine-fifteen years,8+ Years
nine-sixteen years,8+ Years
nine-seventeen years,8+ Years
nine-eighteen years,8+ Years
nine to nine years,8+ Years
nine to nine years,8+ Years
nine to nine years,8+ Years
nine to ten years,8+ Years
nine to eleven years,8+ Years
nine to twelve years,8+ Years
nine to thirteen years,8+ Years
nine to fourteen years,8+ Years
nine to fifteen years,8+ Years
nine to sixteen years,8+ Years
nine to seventeen years,8+ Years
nine to eighteen years,8+ Years
(ten-ten) year,8+ Years
(ten-eleven) year,8+ Years
(ten-twelve) year,8+ Years
(ten-thirteen) year,8+ Years
(ten-fourteen) year,8+ Years
(ten-fifteen) year,8+ Years
(ten-sixteen) year,8+ Years
(ten-seventeen) year,8+ Years
(ten-eighteen) year,8+ Years
(ten to ten) year,8+ Years
(ten to ten) year,8+ Years
(ten to ten) year,8+ Years
(ten to ten) year,8+ Years
(ten to eleven) year,8+ Years
(ten to twelve) year,8+ Years
(ten to thirteen) year,8+ Years
(ten to fourteen) year,8+ Years
(ten to fifteen) year,8+ Years
(ten to sixteen) year,8+ Years
(ten to seventeen) year,8+ Years
(ten to eighteen) year,8+ Years
(ten-ten) years,8+ Years
(ten-ten) years,8+ Years
(ten-ten) years,8+ Years
(ten-eleven) years,8+ Years
(ten-twelve) years,8+ Years
(ten-thirteen) years,8+ Years
(ten-fourteen) years,8+ Years
(ten-fifteen) years,8+ Years
(ten-sixteen) years,8+ Years
(ten-seventeen) years,8+ Years
(ten-eighteen) years,8+ Years
(ten to ten) years,8+ Years
(ten to ten) years,8+ Years
(ten to ten) years,8+ Years
(ten to ten) years,8+ Years
(ten to eleven) years,8+ Years
(ten to twelve) years,8+ Years
(ten to thirteen) years,8+ Years
(ten to fourteen) years,8+ Years
(ten to fifteen) years,8+ Years
(ten to sixteen) years,8+ Years
(ten to seventeen) years,8+ Years
(ten to eighteen) years,8+ Years
ten-ten year,8+ Years
ten-ten year,8+ Years
ten-eleven year,8+ Years
ten-twelve year,8+ Years
ten-thirteen year,8+ Years
ten-fourteen year,8+ Years
ten-fifteen year,8+ Years
ten-sixteen year,8+ Years
ten-seventeen year,8+ Years
ten-eighteen year,8+ Years
ten to ten year,8+ Years
ten to ten year,8+ Years
ten to ten year,8+ Years
ten to ten year,8+ Years
ten to eleven year,8+ Years
ten to twelve year,8+ Years
ten to thirteen year,8+ Years
ten to fourteen year,8+ Years
ten to fifteen year,8+ Years
ten to sixteen year,8+ Years
ten to seventeen year,8+ Years
ten to eighteen year,8+ Years
ten-ten years,8+ Years
ten-ten years,8+ Years
ten-ten years,8+ Years
ten-eleven years,8+ Years
ten-twelve years,8+ Years
ten-thirteen years,8+ Years
ten-fourteen years,8+ Years
ten-fifteen years,8+ Years
ten-sixteen years,8+ Years
ten-seventeen years,8+ Years
ten-eighteen years,8+ Years
ten to ten years,8+ Years
ten to ten years,8+ Years
ten to ten years,8+ Years
ten to ten years,8+ Years
ten to eleven years,8+ Years
ten to twelve years,8+ Years
ten to thirteen years,8+ Years
ten to fourteen years,8+ Years
ten to fifteen years,8+ Years
ten to sixteen years,8+ Years
ten to seventeen years,8+ Years
ten to eighteen years,8+ Years
(10-10) year,8+ Years
(10-11) year,8+ Years
(10-12) year,8+ Years
(10-13) year,8+ Years
(10-14) year,8+ Years
(10-15) year,8+ Years
(10-16) year,8+ Years
(10-17) year,8+ Years
(10-18) year,8+ Years
(10 to 10) year,8+ Years
(10 to 11) year,8+ Years
(10 to 12) year,8+ Years
(10 to 13) year,8+ Years
(10 to 14) year,8+ Years
(10 to 15) year,8+ Years
(10 to 16) year,8+ Years
(10 to 17) year,8+ Years
(10 to 18) year,8+ Years
(10-10) years,8+ Years
(10-11) years,8+ Years
(10-12) years,8+ Years
(10-13) years,8+ Years
(10-14) years,8+ Years
(10-15) years,8+ Years
(10-16) years,8+ Years
(10-17) years,8+ Years
(10-18) years,8+ Years
(10 to 10) years,8+ Years
(10 to 10) years,8+ Years
(10 to 10) years,8+ Years
(10 to 10) years,8+ Years
(10 to 11) years,8+ Years
(10 to 12) years,8+ Years
(10 to 13) years,8+ Years
(10 to 14) years,8+ Years
(10 to 15) years,8+ Years
(10 to 16) years,8+ Years
(10 to 17) years,8+ Years
(10 to 18) years,8+ Years
10-10 year,8+ Years
10-11 year,8+ Years
10-12 year,8+ Years
10-13 year,8+ Years
10-14 year,8+ Years
10-15 year,8+ Years
10-16 year,8+ Years
10-17 year,8+ Years
10-18 year,8+ Years
10 to 10 year,8+ Years
10 to 11 year,8+ Years
10 to 12 year,8+ Years
10 to 13 year,8+ Years
10 to 14 year,8+ Years
10 to 15 year,8+ Years
10 to 16 year,8+ Years
10 to 17 year,8+ Years
10 to 18 year,8+ Years
10-10 years,8+ Years
10-11 years,8+ Years
10-12 years,8+ Years
10-13 years,8+ Years
10-14 years,8+ Years
10-15 years,8+ Years
10-16 years,8+ Years
10-17 years,8+ Years
10-18 years,8+ Years
10 to 10 years,8+ Years
10 to 10 years,8+ Years
10 to 10 years,8+ Years
10 to 10 years,8+ Years
10 to 11 years,8+ Years
10 to 12 years,8+ Years
10 to 13 years,8+ Years
10 to 14 years,8+ Years
10 to 15 years,8+ Years
10 to 16 years,8+ Years
10 to 17 years,8+ Years
10 to 18 years,8+ Years
(11-11) year,8+ Years
(11-12) year,8+ Years
(11-13) year,8+ Years
(11-14) year,8+ Years
(11-15) year,8+ Years
(11-16) year,8+ Years
(11-17) year,8+ Years
(11-18) year,8+ Years
(11 to 11) year,8+ Years
(11 to 12) year,8+ Years
(11 to 13) year,8+ Years
(11 to 14) year,8+ Years
(11 to 15) year,8+ Years
(11 to 16) year,8+ Years
(11 to 17) year,8+ Years
(11 to 18) year,8+ Years
(11-11) years,8+ Years
(11-12) years,8+ Years
(11-13) years,8+ Years
(11-14) years,8+ Years
(11-15) years,8+ Years
(11-16) years,8+ Years
(11-17) years,8+ Years
(11-18) years,8+ Years
(11 to 11) years,8+ Years
(11 to 12) years,8+ Years
(11 to 13) years,8+ Years
(11 to 14) years,8+ Years
(11 to 15) years,8+ Years
(11 to 16) years,8+ Years
(11 to 17) years,8+ Years
(11 to 18) years,8+ Years
11-11 year,8+ Years
11-12 year,8+ Years
11-13 year,8+ Years
11-14 year,8+ Years
11-15 year,8+ Years
11-16 year,8+ Years
11-17 year,8+ Years
11-18 year,8+ Years
11 to 11 year,8+ Years
11 to 12 year,8+ Years
11 to 13 year,8+ Years
11 to 14 year,8+ Years
11 to 15 year,8+ Years
11 to 16 year,8+ Years
11 to 17 year,8+ Years
11 to 18 year,8+ Years
11-11 years,8+ Years
11-12 years,8+ Years
11-13 years,8+ Years
11-14 years,8+ Years
11-15 years,8+ Years
11-16 years,8+ Years
11-17 years,8+ Years
11-18 years,8+ Years
11 to 11 years,8+ Years
11 to 12 years,8+ Years
11 to 13 years,8+ Years
11 to 14 years,8+ Years
11 to 15 years,8+ Years
11 to 16 years,8+ Years
11 to 17 years,8+ Years
11 to 18 years,8+ Years
(eleven-eleven) year,8+ Years
(eleven-twelve) year,8+ Years
(eleven-thirteen) year,8+ Years
(eleven-fourteen) year,8+ Years
(eleven-fifteen) year,8+ Years
(eleven-sixteen) year,8+ Years
(eleven-seventeen) year,8+ Years
(eleven-eighteen) year,8+ Years
(eleven to eleven) year,8+ Years
(eleven to twelve) year,8+ Years
(eleven to thirteen) year,8+ Years
(eleven to fourteen) year,8+ Years
(eleven to fifteen) year,8+ Years
(eleven to sixteen) year,8+ Years
(eleven to seventeen) year,8+ Years
(eleven to eighteen) year,8+ Years
(eleven-eleven) years,8+ Years
(eleven-twelve) years,8+ Years
(eleven-thirteen) years,8+ Years
(eleven-fourteen) years,8+ Years
(eleven-fifteen) years,8+ Years
(eleven-sixteen) years,8+ Years
(eleven-seventeen) years,8+ Years
(eleven-eighteen) years,8+ Years
(eleven to eleven) years,8+ Years
(eleven to eleven) years,8+ Years
(eleven to eleven) years,8+ Years
(eleven to eleven) years,8+ Years
(eleven to twelve) years,8+ Years
(eleven to thirteen) years,8+ Years
(eleven to fourteen) years,8+ Years
(eleven to fifteen) years,8+ Years
(eleven to sixteen) years,8+ Years
(eleven to seventeen) years,8+ Years
(eleven to eighteen) years,8+ Years
eleven-eleven year,8+ Years
eleven-twelve year,8+ Years
eleven-thirteen year,8+ Years
eleven-fourteen year,8+ Years
eleven-fifteen year,8+ Years
eleven-sixteen year,8+ Years
eleven-seventeen year,8+ Years
eleven-eighteen year,8+ Years
eleven to eleven year,8+ Years
eleven to twelve year,8+ Years
eleven to thirteen year,8+ Years
eleven to fourteen year,8+ Years
eleven to fifteen year,8+ Years
eleven to sixteen year,8+ Years
eleven to seventeen year,8+ Years
eleven to eighteen year,8+ Years
eleven-eleven years,8+ Years
eleven-twelve years,8+ Years
eleven-thirteen years,8+ Years
eleven-fourteen years,8+ Years
eleven-fifteen years,8+ Years
eleven-sixteen years,8+ Years
eleven-seventeen years,8+ Years
eleven-eighteen years,8+ Years
eleven to eleven years,8+ Years
eleven to twelve years,8+ Years
eleven to thirteen years,8+ Years
eleven to fourteen years,8+ Years
eleven to fifteen years,8+ Years
eleven to sixteen years,8+ Years
eleven to seventeen years,8+ Years
eleven to eighteen years,8+ Years
(twelve-twelve) year,8+ Years
(twelve-thirteen) year,8+ Years
(twelve-fourteen) year,8+ Years
(twelve-fifteen) year,8+ Years
(twelve-sixteen) year,8+ Years
(twelve-seventeen) year,8+ Years
(twelve-eighteen) year,8+ Years
(twelve to twelve) year,8+ Years
(twelve to thirteen) year,8+ Years
(twelve to fourteen) year,8+ Years
(twelve to fifteen) year,8+ Years
(twelve to sixteen) year,8+ Years
(twelve to seventeen) year,8+ Years
(twelve to eighteen) year,8+ Years
(twelve-twelve) years,8+ Years
(twelve-thirteen) years,8+ Years
(twelve-fourteen) years,8+ Years
(twelve-fifteen) years,8+ Years
(twelve-sixteen) years,8+ Years
(twelve-seventeen) years,8+ Years
(twelve-eighteen) years,8+ Years
(twelve to twelve) years,8+ Years
(twelve to thirteen) years,8+ Years
(twelve to fourteen) years,8+ Years
(twelve to fifteen) years,8+ Years
(twelve to sixteen) years,8+ Years
(twelve to seventeen) years,8+ Years
(twelve to eighteen) years,8+ Years
twelve-twelve year,8+ Years
twelve-thirteen year,8+ Years
twelve-fourteen year,8+ Years
twelve-fifteen year,8+ Years
twelve-sixteen year,8+ Years
twelve-seventeen year,8+ Years
twelve-eighteen year,8+ Years
twelve to twelve year,8+ Years
twelve to thirteen year,8+ Years
twelve to fourteen year,8+ Years
twelve to fifteen year,8+ Years
twelve to sixteen year,8+ Years
twelve to seventeen year,8+ Years
twelve to eighteen year,8+ Years
twelve-twelve years,8+ Years
twelve-thirteen years,8+ Years
twelve-fourteen years,8+ Years
twelve-fifteen years,8+ Years
twelve-sixteen years,8+ Years
twelve-seventeen years,8+ Years
twelve-eighteen years,8+ Years
twelve to twelve years,8+ Years
twelve to thirteen years,8+ Years
twelve to fourteen years,8+ Years
twelve to fifteen years,8+ Years
twelve to sixteen years,8+ Years
twelve to seventeen years,8+ Years
twelve to eighteen years,8+ Years
(12-12) year,8+ Years
(12-13) year,8+ Years
(12-14) year,8+ Years
(12-15) year,8+ Years
(12-16) year,8+ Years
(12-17) year,8+ Years
(12-18) year,8+ Years
(12 to 12) year,8+ Years
(12 to 13) year,8+ Years
(12 to 14) year,8+ Years
(12 to 15) year,8+ Years
(12 to 16) year,8+ Years
(12 to 17) year,8+ Years
(12 to 18) year,8+ Years
(12-12) years,8+ Years
(12-13) years,8+ Years
(12-14) years,8+ Years
(12-15) years,8+ Years
(12-16) years,8+ Years
(12-17) years,8+ Years
(12-18) years,8+ Years
(12 to 12) years,8+ Years
(12 to 13) years,8+ Years
(12 to 14) years,8+ Years
(12 to 15) years,8+ Years
(12 to 16) years,8+ Years
(12 to 17) years,8+ Years
(12 to 18) years,8+ Years
12-12 year,8+ Years
12-13 year,8+ Years
12-14 year,8+ Years
12-15 year,8+ Years
12-16 year,8+ Years
12-17 year,8+ Years
12-18 year,8+ Years
12 to 12 year,8+ Years
12 to 13 year,8+ Years
12 to 14 year,8+ Years
12 to 15 year,8+ Years
12 to 16 year,8+ Years
12 to 17 year,8+ Years
12 to 18 year,8+ Years
12-12 years,8+ Years
12-13 years,8+ Years
12-14 years,8+ Years
12-15 years,8+ Years
12-16 years,8+ Years
12-17 years,8+ Years
12-18 years,8+ Years
12 to 12 years,8+ Years
12 to 12 years,8+ Years
12 to 13 years,8+ Years
12 to 14 years,8+ Years
12 to 15 years,8+ Years
12 to 16 years,8+ Years
12 to 17 years,8+ Years
12 to 18 years,8+ Years
(13-13) year,8+ Years
(13-14) year,8+ Years
(13-15) year,8+ Years
(13-16) year,8+ Years
(13-17) year,8+ Years
(13-18) year,8+ Years
(13 to 13) year,8+ Years
(13 to 13) year,8+ Years
(13 to 14) year,8+ Years
(13 to 15) year,8+ Years
(13 to 16) year,8+ Years
(13 to 17) year,8+ Years
(13 to 18) year,8+ Years
(13-13) years,8+ Years
(13-14) years,8+ Years
(13-15) years,8+ Years
(13-16) years,8+ Years
(13-17) years,8+ Years
(13-18) years,8+ Years
(13 to 13) years,8+ Years
(13 to 14) years,8+ Years
(13 to 15) years,8+ Years
(13 to 16) years,8+ Years
(13 to 17) years,8+ Years
(13 to 18) years,8+ Years
13-13 year,8+ Years
13-14 year,8+ Years
13-15 year,8+ Years
13-16 year,8+ Years
13-17 year,8+ Years
13-18 year,8+ Years
13 to 13 year,8+ Years
13 to 13 year,8+ Years
13 to 13 year,8+ Years
13 to 13 year,8+ Years
13 to 14 year,8+ Years
13 to 15 year,8+ Years
13 to 16 year,8+ Years
13 to 17 year,8+ Years
13 to 18 year,8+ Years
13-13 years,8+ Years
13-14 years,8+ Years
13-15 years,8+ Years
13-16 years,8+ Years
13-17 years,8+ Years
13-18 years,8+ Years
13 to 13 years,8+ Years
13 to 14 years,8+ Years
13 to 15 years,8+ Years
13 to 16 years,8+ Years
13 to 17 years,8+ Years
13 to 18 years,8+ Years
(thirteen-thirteen) year,8+ Years
(thirteen-thirteen) year,8+ Years
(thirteen-thirteen) year,8+ Years
(thirteen-fourteen) year,8+ Years
(thirteen-fifteen) year,8+ Years
(thirteen-sixteen) year,8+ Years
(thirteen-seventeen) year,8+ Years
(thirteen-eighteen) year,8+ Years
(thirteen to thirteen) year,8+ Years
(thirteen to thirteen) year,8+ Years
(thirteen to thirteen) year,8+ Years
(thirteen to thirteen) year,8+ Years
(thirteen to thirteen) year,8+ Years
(thirteen to thirteen) year,8+ Years
(thirteen to fourteen) year,8+ Years
(thirteen to fifteen) year,8+ Years
(thirteen to sixteen) year,8+ Years
(thirteen to seventeen) year,8+ Years
(thirteen to eighteen) year,8+ Years
(thirteen-thirteen) years,8+ Years
(thirteen-thirteen) years,8+ Years
(thirteen-thirteen) years,8+ Years
(thirteen-thirteen) years,8+ Years
(thirteen-thirteen) years,8+ Years
(thirteen-fourteen) years,8+ Years
(thirteen-fifteen) years,8+ Years
(thirteen-sixteen) years,8+ Years
(thirteen-seventeen) years,8+ Years
(thirteen-eighteen) years,8+ Years
(thirteen to thirteen) years,8+ Years
(thirteen to thirteen) years,8+ Years
(thirteen to thirteen) years,8+ Years
(thirteen to thirteen) years,8+ Years
(thirteen to thirteen) years,8+ Years
(thirteen to fourteen) years,8+ Years
(thirteen to fifteen) years,8+ Years
(thirteen to sixteen) years,8+ Years
(thirteen to seventeen) years,8+ Years
(thirteen to eighteen) years,8+ Years
thirteen-thirteen year,8+ Years
thirteen-thirteen year,8+ Years
thirteen-thirteen year,8+ Years
thirteen-fourteen year,8+ Years
thirteen-fifteen year,8+ Years
thirteen-sixteen year,8+ Years
thirteen-seventeen year,8+ Years
thirteen-eighteen year,8+ Years
thirteen to thirteen year,8+ Years
thirteen to thirteen year,8+ Years
thirteen to thirteen year,8+ Years
thirteen to thirteen year,8+ Years
thirteen to fourteen year,8+ Years
thirteen to fifteen year,8+ Years
thirteen to sixteen year,8+ Years
thirteen to seventeen year,8+ Years
thirteen to eighteen year,8+ Years
thirteen-thirteen years,8+ Years
thirteen-thirteen years,8+ Years
thirteen-thirteen years,8+ Years
thirteen-fourteen years,8+ Years
thirteen-fifteen years,8+ Years
thirteen-sixteen years,8+ Years
thirteen-seventeen years,8+ Years
thirteen-eighteen years,8+ Years
thirteen to thirteen years,8+ Years
thirteen to thirteen years,8+ Years
thirteen to thirteen years,8+ Years
thirteen to thirteen years,8+ Years
thirteen to fourteen years,8+ Years
thirteen to fifteen years,8+ Years
thirteen to sixteen years,8+ Years
thirteen to seventeen years,8+ Years
thirteen to eighteen years,8+ Years
(fourteen-fourteen) year,8+ Years
(fourteen-fifteen) year,8+ Years
(fourteen-sixteen) year,8+ Years
(fourteen-seventeen) year,8+ Years
(fourteen-eighteen) year,8+ Years
(fourteen to fourteen) year,8+ Years
(fourteen to fifteen) year,8+ Years
(fourteen to sixteen) year,8+ Years
(fourteen to seventeen) year,8+ Years
(fourteen to eighteen) year,8+ Years
(fourteen-fourteen) years,8+ Years
(fourteen-fifteen) years,8+ Years
(fourteen-sixteen) years,8+ Years
(fourteen-seventeen) years,8+ Years
(fourteen-eighteen) years,8+ Years
(fourteen to fourteen) years,8+ Years
(fourteen to fifteen) years,8+ Years
(fourteen to sixteen) years,8+ Years
(fourteen to seventeen) years,8+ Years
(fourteen to eighteen) years,8+ Years
fourteen-fourteen year,8+ Years
fourteen-fifteen year,8+ Years
fourteen-sixteen year,8+ Years
fourteen-seventeen year,8+ Years
fourteen-eighteen year,8+ Years
fourteen to fourteen year,8+ Years
fourteen to fifteen year,8+ Years
fourteen to sixteen year,8+ Years
fourteen to seventeen year,8+ Years
fourteen to eighteen year,8+ Years
fourteen-fourteen years,8+ Years
fourteen-fifteen years,8+ Years
fourteen-sixteen years,8+ Years
fourteen-seventeen years,8+ Years
fourteen-eighteen years,8+ Years
fourteen to fourteen years,8+ Years
fourteen to fifteen years,8+ Years
fourteen to sixteen years,8+ Years
fourteen to seventeen years,8+ Years
fourteen to eighteen years,8+ Years
(14-14) year,8+ Years
(14-15) year,8+ Years
(14-16) year,8+ Years
(14-17) year,8+ Years
(14-18) year,8+ Years
(14 to 14) year,8+ Years
(14 to 15) year,8+ Years
(14 to 16) year,8+ Years
(14 to 17) year,8+ Years
(14 to 18) year,8+ Years
(14-14) years,8+ Years
(14-15) years,8+ Years
(14-16) years,8+ Years
(14-17) years,8+ Years
(14-18) years,8+ Years
(14 to 14) years,8+ Years
(14 to 15) years,8+ Years
(14 to 16) years,8+ Years
(14 to 17) years,8+ Years
(14 to 18) years,8+ Years
14-14 year,8+ Years
14-15 year,8+ Years
14-16 year,8+ Years
14-17 year,8+ Years
14-18 year,8+ Years
14 to 14 year,8+ Years
14 to 15 year,8+ Years
14 to 16 year,8+ Years
14 to 17 year,8+ Years
14 to 18 year,8+ Years
14-14 years,8+ Years
14-15 years,8+ Years
14-16 years,8+ Years
14-17 years,8+ Years
14-18 years,8+ Years
14 to 14 years,8+ Years
14 to 15 years,8+ Years
14 to 16 years,8+ Years
14 to 17 years,8+ Years
14 to 18 years,8+ Years
(15-15) year,8+ Years
(15-16) year,8+ Years
(15-17) year,8+ Years
(15-18) year,8+ Years
(15 to 15) year,8+ Years
(15 to 16) year,8+ Years
(15 to 17) year,8+ Years
(15 to 18) year,8+ Years
(15-15) years,8+ Years
(15-16) years,8+ Years
(15-17) years,8+ Years
(15-18) years,8+ Years
(15 to 15) years,8+ Years
(15 to 16) years,8+ Years
(15 to 17) years,8+ Years
(15 to 18) years,8+ Years
15-15 year,8+ Years
15-16 year,8+ Years
15-17 year,8+ Years
15-18 year,8+ Years
15 to 15 year,8+ Years
15 to 16 year,8+ Years
15 to 17 year,8+ Years
15 to 18 year,8+ Years
15-15 years,8+ Years
15-16 years,8+ Years
15-17 years,8+ Years
15-18 years,8+ Years
15 to 15 years,8+ Years
15 to 16 years,8+ Years
15 to 17 years,8+ Years
15 to 18 years,8+ Years
(fifteen-fifteen) year,8+ Years
(fifteen-sixteen) year,8+ Years
(fifteen-seventeen) year,8+ Years
(fifteen-eighteen) year,8+ Years
(fifteen to fifteen) year,8+ Years
(fifteen to sixteen) year,8+ Years
(fifteen to seventeen) year,8+ Years
(fifteen to eighteen) year,8+ Years
(fifteen-fifteen) years,8+ Years
(fifteen-sixteen) years,8+ Years
(fifteen-seventeen) years,8+ Years
(fifteen-eighteen) years,8+ Years
(fifteen to fifteen) years,8+ Years
(fifteen to sixteen) years,8+ Years
(fifteen to seventeen) years,8+ Years
(fifteen to eighteen) years,8+ Years
fifteen-fifteen year,8+ Years
fifteen-sixteen year,8+ Years
fifteen-seventeen year,8+ Years
fifteen-eighteen year,8+ Years
fifteen to fifteen year,8+ Years
fifteen to sixteen year,8+ Years
fifteen to seventeen year,8+ Years
fifteen to eighteen year,8+ Years
fifteen-fifteen years,8+ Years
fifteen-sixteen years,8+ Years
fifteen-seventeen years,8+ Years
fifteen-eighteen years,8+ Years
fifteen to fifteen years,8+ Years
fifteen to sixteen years,8+ Years
fifteen to seventeen years,8+ Years
fifteen to eighteen years,8+ Years
