Other work type,Our Work Type
Full Time,Full time
full time,Full time
full-time,Full time
Full-Time,Full time
f-t,Full time
ft,Full time
ful-time,Full time
ful time,Full time
full t,Full time
f time,Full time
full-time,Full time
fulltime,Full time
timefull,Full time
time-ful,Full time
f,Full time
fu,Full time
f-u,Full time
ful,Full time
full,Full time
fult,Full time
ftime,Full time
ftm,Full time
Fulltim,Full time
Ulltime,Full time
Full,Full time
Time,Full time
Fullti,Full time
Ulltim,Full time
Lltime,Full time
Fullt,Full time
Ullti,Full time
Lltim,Full time
Ltime,Full time
Full,Full time
Ullt,Full time
Llti,Full time
Ltim,Full time
Time,Full time
Im,Full time
Ful,Full time
Ull,Full time
Llt,Full time
Lti,Full time
Tim,Full time
Ime,Full time
FT,Full time
F/T,Full time
Ftime,Full time
Tfull,Full time
fulltime,Full time
tifulmle,Full time
mlelfuit,Full time
f u l l t i m e,Full time
fulltime,Full time
f u l l t i m e,Full time
Full Time,Full time
Full time,Full time
full Time,Full time
full TIME,Full time
FULL TIME,Full time
Full-Time,Full time
Full Time,Full time
F U L L T I M E,Full time
F U L L - T I M E,Full time
ull@time,Full time
full/time,Full time
full_time,Full time
ull\time,Full time
full#time,Full time
full$time,Full time
F4ll_T!m3,Full time
F@ll_T1m€,Full time
F@ll-T!m3,Full time
F#ll_t1m3,Full time
F@ll™ time,Full time
Full™ T1me,Full time
Full-t!m€,Full time
F#ll-t!me®,Full time
F@ll_t1m€,Full time
F u l l - t i m e,Full time
F_u_l_l-T_i_m_e,Full time
F@ll - time,Full time
F-u-l-l_t-i-m-e,Full time
F@ll_T!me,Full time
fUll t!Me,Full time
F@LL tiMe,Full time
FULL TIME!,Full time
full-T!ME,Full time
F@ll_t!m3,Full time
F@ll t!m3,Full time
Full_t!m€,Full time
F#ll T!me,Full time
Full-T1m3,Full time
Full-T!me,Full time
F@ll-t1m3,Full time
Full_T!me,Full time
F@ll_T1me,Full time
F#ll_t!m3,Full time
F@ll-T!m3,Full time
F@ll time,Full time
Full_t1me,Full time
Full_t!me,Full time
F@ll-T1me,Full time
Full_7ime,Full time
F#ll_t!me,Full time
Full-T1m3,Full time
F#ll-T!me,Full time
parttime,Part time
timptear,Part time
rattempi,Part time
imepratt,Part time
part-time,Part time
parttime,Part time
timepart,Part time
time-part,Part time
PT,Part time
P/T,Part time
Ptime,Part time
Tpart,Part time
p a r t t i m e,Part time
part time,Part time
partt i m e,Part time
Part Time,Part time
Part time,Part time
part Time,Part time
PART TIME,Part time
Part-Time,Part time
Pa,Part time
Ar,Part time
Rt,Part time
Par,Part time
Art,Part time
Rtt,Part time
Part,Part time
Artt,Part time
Rtti,Part time
Partt,Part time
Artti,Part time
Rttim,Part time
Ttime,Part time
Partti,Part time
Arttim,Part time
Rttime,Part time
Parttim,Part time
Arttime,Part time
Part,Part time
p,Part time
pa,Part time
pat,Part time
pati,Part time
par,Part time
patt,Part time
Part Time,Part time
P A R T - T I M E,Part time
part@time,Part time
part/time,Part time
part_time,Part time
P@rt_t!me,Part time
P@rt-T!me,Part time
P@rT!me,Part time
P@rT1me,Part time
P@rtT1me,Part time
P@rt_7ime,Part time
Part-T!m3,Part time
P4rt-Time,Part time
P@rt time,Part time
Part_t1me,Part time
P@rt-t!me,Part time
Part_7ime,Part time
P@rt_T1me,Part time
P4rt t!me,Part time
P@rt-T!me,Part time
Part_t1m3,Part time
P@rt-71me,Part time
P4rt_7ime,Part time
P4rtT1me,Part time
P@rtT1me,Part time
P4rT!me,Part time
P@rT!m3,Part time
P@rt_7ime,Part time
P@rt-t1m3,Part time
P4rt_T!me,Part time
P@rT-Time,Part time
P@rt-T!m3,Part time
P@rt-T1m,Part time
P@rT_tIme,Part time
pArT_T!me,Part time
PaRt-T1mE,Part time
PART-T!ME,Part time
Part_t!me,Part time
P@r7 t!me,Part time
Part_t!m3,Part time
P@rT t!m3,Part time
P4rt_T!m3,Part time
P@rt_T1me,Part time
P.art-T.ime,Part time
P-a-r-t_Time,Part time
P@r.t-Time,Part time
Part_T!me,Part time
P@rt-T!m3,Part time
pArT t!mE,Part time
p@rt TIme,Part time
PART TIME!,Part time
part-T!ME,Part time
p@RT_T!me,Part time
P4rT_T!m3,Part time
P@rt-T1mE,Part time
Part-T1me,Part time
P4rT_7IME,Part time
P@rt-T!m3,Part time
P a r t - t i m e,Part time
P_a_r_t_T_i_m_e,Part time
P@rt - time,Part time
P-a-r-t_t-i-m-e,Part time
P@rt - T1me,Part time
P a r t - T i m e,Part time
P@rt - T!me,Part time
P.a.r.t - T.i.m.e,Part time
Part - T!me,Part time
P4rt - T1me,Part time
P@rt™ time,Part time
P4rt™ T1me,Part time
P@rt-t!m€,Part time
Part-t!me®,Part time
P@rt_t1m€,Part time
P-T!m3,Part time
P@rT-7!me,Part time
P@rT-T1m3,Part time
P@rT-7!m3,Part time
P4rt-T!m3,Part time
P4rt_T!m3,Part time
P@r7_T!me,Part time
P4rt_T!m3,Part time
P@rt_t!m3,Part time
C0ntract,Contract
contra,Contract
contat,Contract
conat,Contract
cntrat,Contract
contract,Contract
contrt,Contract
conct,Contract
cot,Contract
coct,Contract
contractx,Contract
contractor,Contract
contrator,Contract
On,Contract
Nt,Contract
Ac,Contract
Ct,Contract
Con,Contract
Ont,Contract
Ntr,Contract
Tra,Contract
Rac,Contract
Act,Contract
Cont,Contract
Ontr,Contract
Ntra,Contract
Trac,Contract
Ract,Contract
Contr,Contract
Ontra,Contract
Ntrac,Contract
Tract,Contract
Contra,Contract
Ontrac,Contract
Ntract,Contract
Contrac,Contract
Ontract,Contract
contact,Contract
contrat,Contract
cotrat,Contract
conrat,Contract
contrt,Contract
C,Contract
O,Contract
N,Contract
ct,Contract
A,Contract
C,Contract
co,Contract
Contr@ct,Contract
C0ntr@ct,Contract
C0ntr@c7,Contract
C0ntr@cT,Contract
ConTr@ct,Contract
C0ntr4ct,Contract
C0ntr@c7,Contract
C0ntr@ct!,Contract
C0ntr@ct,Contract
ConTr@cT,Contract
C0nTr@c7,Contract
ConTr@c7,Contract
C0ntr@c7,Contract
C0ntr4ct,Contract
ConTr@ct,Contract
C0nTr@cT,Contract
C0ntr@ct!,Contract
Contr@ct,Contract
C0ntr@cT,Contract
cOnTr@ct,Contract
C0nTr@cT,Contract
CONTRACT!,Contract
conTr@CT,Contract
CON_Tr@ct,Contract
CONtR@ct,Contract
C o n t r a c t,Contract
C-o-n-t-r-a-c-t,Contract
C0ntr@ct,Contract
C_0_n_t_r_a_c_t,Contract
C0n_tr@ct,Contract
C0ntr@ct™,Contract
Contract™,Contract
C0ntr@c†,Contract
C0ntr@ct®,Contract
C0ntract!,Contract
C0nTr@c7,Contract
C0nT_r@ct,Contract
C0nTr@cT!,Contract
C0nT7r@ct,Contract
C0nTr@cT,Contract
Contract,Contract
Contr@ct,Contract
C0ntract,Contract
ConTrAct,Contract
C0ntr@ct,Contract
cOnTr@ct,Contract
C0nTr@cT,Contract
CONTRACT,Contract
C0ntr4ct,Contract
C0ntr@c7,Contract
C0ntr@cT,Contract
C0nTr4cT,Contract
C0ntract!,Contract
Contract@,Contract
C0ntr@ct#,Contract
Contr@ct$,Contract
C o n t r a c t,Contract
C-o-n-t-r-a-c-t,Contract
C0n_tr@ct,Contract
Con_tr@ct,Contract
C0nTr@ct,Contract
C0ntr@ct!,Contract
COnTr4ct,Contract
C0nTr4ct@,Contract
C0nTr@ct2024,Contract
Contract_123,Contract
C0ntr@ct!_,Contract
Contract#2024,Contract
CnTrct,Contract
C_Contract,Contract
C-Contract,Contract
C0nTr@ct,Contract
Freelance,Freelance
Free lance,Freelance
Frelance,Freelance
Fre lance,Freelance
Free-lance,Freelance
Frel-ance,Freelance
flance,Freelance
Fr,Freelance
Ree,Freelance
Ee,Freelance
El,Freelance
La,Freelance
ee,Freelance
ree,Freelance
frlance,Freelance
Fre,Freelance
Ree,Freelance
Eel,Freelance
Ela,Freelance
Lan,Freelance
Free,Freelance
Reel,Freelance
Eela,Freelance
Elan,Freelance
Lanc,Freelance
Ance,Freelance
Freel,Freelance
Reela,Freelance
Eelan,Freelance
Elanc,Freelance
Lance,Freelance
Freela,Freelance
Reelan,Freelance
Eelanc,Freelance
Elance,Freelance
Freelan,Freelance
Reelanc,Freelance
Eelance,Freelance
Freelanc,Freelance
f/l,Freelance
f-l,Freelance
fl,Freelance
fr lance,Freelance
fre,Freelance
free,Freelance
lance,Freelance
Fre3lance,Freelance
Freel@nce,Freelance
Fr33lance,Freelance
Fre3l@nce,Freelance
Fr3el@nc3,Freelance
Freel@nce!,Freelance
Freel@nC3,Freelance
Fr33l@nce,Freelance
Freel@nce,Freelance
Fre3l@nce,Freelance
Freel@nc3,Freelance
Fr33l@nc3,Freelance
Fre3l@nC3,Freelance
Fr3elance,Freelance
Fre3l@nc3,Freelance
Fr3e1ance,Freelance
Freel@nC3,Freelance
FRe3l@nce,Freelance
fRe3l@nce,Freelance
FR33L@nCE,Freelance
Freel@NC3,Freelance
FREEl@nCe,Freelance
freEl@NC3,Freelance
F r e e l a n c e,Freelance
F-r-e-e-l-a-n-c-e,Freelance
Fre3-l@nce,Freelance
Freel@n-c3,Freelance
F_reel@nc3,Freelance
Freel@nce™,Freelance
Freel@nce®,Freelance
Freel@nc3!,Freelance
Fr33l@nC3†,Freelance
Freel@nc3#,Freelance
Fr3eL@nC3,Freelance
Freel@nC3,Freelance
Fre3l@nCe!,Freelance
F_r33l@nce,Freelance
Fr33l@nC3!,Freelance
Freelance,Freelance
Freel@nce,Freelance
FReelance,Freelance
Fre3lance,Freelance
Fre3l@nce,Freelance
F-R-e-e-l-a-n-c-e,Freelance
fReElAnCe,Freelance
FrEElancE,Freelance
FreE_Lance,Freelance
freEL@ncE,Freelance
FRe3l@nce,Freelance
Fr3el@nc3,Freelance
Fr3El@nce,Freelance
Freel@nC3,Freelance
Freel4nce,Freelance
Fr33lance,Freelance
Freel@nc3,Freelance
Fr33L@nce,Freelance
Freel@nce!,Freelance
Freel@nce#,Freelance
Freel@nce$,Freelance
Freel@nc3!,Freelance
F r e e l a n c e,Freelance
F-r-e-e-l-a-n-c-e,Freelance
Freel ance,Freelance
Freel_ance,Freelance
FreelAnCe,Freelance
FReeL@nc3,Freelance
Freel@ncE,Freelance
F_Reelance,Freelance
Freelancer,Freelance
Freel@ncer,Freelance
Fr33lancer,Freelance
FReelancer,Freelance
fRe3l@ncer,Freelance
Fre3L@ncer,Freelance
FREElancer,Freelance
freelANCER,Freelance
Freel@nc3r,Freelance
FRe3l@nc3r,Freelance
Fr33l@nc3r,Freelance
Freel@nc3r,Freelance
Freel@ncer!,Freelance
Freel@ncer#,Freelance
Freel@nc3r$,Freelance
Freel@ncer@2024,Freelance
F r e e l a n c e r,Freelance
F-r-e-e-l-a-n-c-e-r,Freelance
Freel _ancer,Freelance
Freel@nc3_r,Freelance
FreelAnCer,Freelance
Freel@nc3R,Freelance
Freel@nc3r!,Freelance
Fr33l@nC3r,Freelance
Freelancer2024,Freelance
Freel@nc3r2024,Freelance
Freel@nc3r!,Freelance
Freel@nc3r_2024,Freelance
Fre3l@ncr,Freelance
F_R_e_e_L_a_n_c_e_r,Freelance
F-reeL@ncer,Freelance
F_r33l@ncer,Freelance
fre-lancer,Freelance
lancer,Freelance
fr-ln,Freelance
Volunteer,Volunteer
Volun teer,Volunteer
Volunter,Volunteer
Volenteer,Volunteer
Volanteer,Volunteer
Volen teer,Volunteer
Voln ter,Volunteer
V0lunteer,Volunteer
V0lunt33r,Volunteer
V0lunt33r,Volunteer
v0luntEEr,Volunteer
VolUnt33r,Volunteer
V0lunt33R,Volunteer
VOLUNTEER,Volunteer
V0lunt33r,Volunteer
V0lunt33r!,Volunteer
V0lunt33r#,Volunteer
V0lunt33r$,Volunteer
V0lunt33r!,Volunteer
VolunT33r@,Volunteer
Volunteer#2024,Volunteer
V0lunt33r@2024,Volunteer
V o l u n t e e r,Volunteer
V-o-l-u-n-t-e-e-r,Volunteer
V0lunt33_r,Volunteer
V0lunteer_,Volunteer
V0lunt33R,Volunteer
V0lUnt33r!,Volunteer
VolunT33R,Volunteer
V0lunteer!,Volunteer
Volunteer2024,Volunteer
Volunt33r_2024,Volunteer
V0lunt33r#,Volunteer
VolunT33r!,Volunteer
V0lnt33r,Volunteer
V_0_l_u_n_t_e_e_r,Volunteer
V-0-l-u-n-t33r,Volunteer
V0lunt33r!,Volunteer
Volunteerism,Volunteer
V0lunteerism,Volunteer
Volunte3rism,Volunteer
VolunteeRism,Volunteer
v0lunt33rism,Volunteer
V0lunteer1sm,Volunteer
Volunt33R!sm,Volunteer
VOLUNTEERISM,Volunteer
V0lunt33r!sm,Volunteer
V0lunt33r!sM,Volunteer
V0lunteer!sm,Volunteer
V0lunt3erism,Volunteer
V0lunteer!sm,Volunteer
V0lunt33r!sm#,Volunteer
Volunte3r!sm@,Volunteer
Volunteer!sm2024,Volunteer
V o l u n t e e r i s m,Volunteer
V-o-l-u-n-t-e-e-r-i-s-m,Volunteer
V0lunteer_is_m,Volunteer
V0lunt33r-ism,Volunteer
V0lunt33rism!,Volunteer
V0lunteer1sm!,Volunteer
VolunT33r!sm,Volunteer
Volunte3r!sm,Volunteer
Volunteerism2024,Volunteer
V0lunteer1sm_2024,Volunteer
VolunT33r!sm#,Volunteer
V0lunt33r!sm2024,Volunteer
V0lnt33r1sm,Volunteer
V_0_l_u_n_t_e_e_r_i_s_m,Volunteer
V-0-l-u-n-t33r!sm,Volunteer
VolunT33r1sm,Volunteer
Vol,Volunteer
Voluntee,Volunteer
Olunteer,Volunteer
Volunte,Volunteer
Oluntee,Volunteer
Lunteer,Volunteer
Volunt,Volunteer
Olunte,Volunteer
Luntee,Volunteer
Unteer,Volunteer
Volun,Volunteer
Olunt,Volunteer
Lunte,Volunteer
Untee,Volunteer
Nteer,Volunteer
Volu,Volunteer
vOlun,Volunteer
vLunt,Volunteer
vUnte,Volunteer
vNtee,Volunteer
vTeer,Volunteer
vtr,Volunteer
Internship,Internship
1nternship,Internship
Intern5hip,Internship
Intern$hip,Internship
1Nt3rnSh1p,Internship
intern$HIP,Internship
INT3RN5HIP,Internship
iNtErN5h1p,Internship
itern,Internship
ship,Internship
is,Internship
i/s,Internship
i/ship,Internship
1nt3rn5hip,Internship
1nt3rn$h1p,Internship
1nt3rn$hip,Internship
1nt3rn5h1p,Internship
Intern$hip!,Internship
Intern5hip@,Internship
Intern_sh!p,Internship
Intern$hip#2024,Internship
I n t e r n s h i p,Internship
I-n-t-e-r-n-s-h-i-p,Internship
Intern_ship,Internship
Intern$hip_2024,Internship
1nt3rn$h1p!,Internship
Intern5hip@2024,Internship
1ntern$hip!,Internship
Intern$h1p2024,Internship
Internship2024,Internship
Intern$h1p2024,Internship
Intern_5hip,Internship
1nt3rn5hip#,Internship
**1nt3rn$,Internship
1nt3rnSh1p,Internship
I_n_t_e_r_n_s_h_i_p,Internship
Int3rn$hip,Internship
Intern,Internship
1nt3rn,Internship
Int3rn,Internship
Int3rn$,Internship
1Nt3rn,Internship
int3rn,Internship
INt3Rn,Internship
iNtErn,Internship
1nt3rn,Internship
1ntern$,Internship
1nt3rn$,Internship
Int3rn!,Internship
Intern!,Internship
Intern@2024,Internship
Intern$,Internship
Intern#2024,Internship
I n t e r n,Internship
I-n-t-e-r-n,Internship
Intern_,Internship
Intern2024,Internship
1nt3rn!,Internship
Intern@2024,Internship
Int3rn$,Internship
1ntern2024,Internship
Intern2024,Internship
1nt3rn@2024,Internship
Intern#2024,Internship
Int3rn_,Internship
1nt3rn,Internship
I_n_t_e_r_n,Internship
Int3rn!,Internship
1nt3rn$,Internship
Nsh,Internship
Shi,Internship
Ntern,Internship
Ternship,Internship
Ernsh,Internship
Rnsh,Internship
Nshi,Internship
Ship,Internship
Intern,Internship
Nters,Internship
Terns,Internship
Ernsh,Internship
Rnshi,Internship
Nship,Internship
Interns,Internship
Ntersh,Internship
Ternsh,Internship
Ernshi,Internship
Rnship,Internship
Internsh,Internship
Ntershi,Internship
Ternshi,Internship
Ernship,Internship
Internshi,Internship
Ntership,Internship
Intern,Internship
Ship,Internship
ntrship,Internship
tr-ship,Internship
int,Internship
intship,Internship
int-ship,Internship
int/ship,Internship
i/shp,Internship
i-ship,Internship
